Id,First Name,Last Name,Full Name,Team Id,Team Name,Team Abbreviation,League,Division,Position,Height,Weight,Jersey Number,Bats,Throws,Draft Year,Draft Round,Draft Number,Status
533,Andrew,Abbott,Andrew Abbott,7,Cincinnati Reds,CIN,National,Central,SP,"6' 0""",192 lbs,,,,,,,Active
73,CJ,Abrams,CJ Abrams,30,Washington Nationals,WSH,National,East,SS,"6' 0""",191 lbs,,,,,,,Active
348,Bryan,Abreu,Bryan Abreu,11,Houston Astros,HOU,American,West,RP,"6' 1""",230 lbs,,,,,,,Active
486,Wilyer,Abreu,Wilyer Abreu,4,Boston Red Sox,BOS,American,East,RF,"5' 10""",215 lbs,,,,,,,Active
8866,Garrett,Acton,Garrett Acton,17,Minnesota Twins,MIN,American,Central,RP,"6' 2""",215 lbs,,,,,,,Active
1835,Ronald,Acuna Jr.,Ronald Acuna Jr.,2,Atlanta Braves,ATL,National,East,RF,"6' 0""",205 lbs,,,,,,,Active
341,Luisangel,Acuna,Luisangel Acuna,6,Chicago White Sox,CHW,American,Central,SS,"5' 7""",181 lbs,,,,,,,Active
4839163,Mason,Adams,Mason Adams,9,Colorado Rockies,COL,National,West,RP,"6' 1""",190 lbs,,,,,,,Active
1566992,Travis,Adams,Travis Adams,17,Minnesota Twins,MIN,American,Central,RP,"6' 1""",197 lbs,,,,,,,Active
1501,Jo,Adell,Jo Adell,8,Cleveland Guardians,CLE,American,Central,RF,"6' 2""",215 lbs,,,,,,,Active
689316,Zach,Agnos,Zach Agnos,9,Colorado Rockies,COL,National,West,RP,"6' 0""",225 lbs,,,,,,,Active
4839218,Robby,Ahlstrom,Robby Ahlstrom,28,Texas Rangers,TEX,American,West,RP,"6' 3""",195 lbs,,,,,,,Active
825,Ozzie,Albies,Ozzie Albies,2,Atlanta Braves,ATL,National,East,2B,"5' 7""",165 lbs,,,,,,,Active
3087,Sandy,Alcantara,Sandy Alcantara,15,Miami Marlins,MIA,National,East,SP,"6' 5""",200 lbs,,,,,,,Active
12,Blaze,Alexander,Blaze Alexander,3,Baltimore Orioles,BAL,American,East,3B,"5' 11""",200 lbs,,,,,,,Active
838,Tyler,Alexander,Tyler Alexander,28,Texas Rangers,TEX,American,West,RP,"6' 1""",214 lbs,,,,,,,Active
683,Logan,Allen,Logan Allen,8,Cleveland Guardians,CLE,American,Central,RP,"6' 0""",190 lbs,,,,,,,Active
494,Nick,Allen,Nick Allen,11,Houston Astros,HOU,American,West,SS,"5' 7""",166 lbs,,,,,,,Active
1635,Pete,Alonso,Pete Alonso,3,Baltimore Orioles,BAL,American,East,1B,"6' 3""",245 lbs,,,,,,,Active
528,Jose,Altuve,Jose Altuve,11,Houston Astros,HOU,American,West,2B,"5' 6""",167 lbs,,,,,,,Active
1047362,Elvis,Alvarado,Elvis Alvarado,20,Oakland Athletics,OAK,American,West,RP,"6' 6""",253 lbs,,,,,,,Active
290,Jose,Alvarado,Jose Alvarado,21,Philadelphia Phillies,PHI,National,East,RP,"6' 2""",245 lbs,,,,,,,Active
3196131,Andrew,Alvarez,Andrew Alvarez,30,Washington Nationals,WSH,National,East,SP,"6' 3""",215 lbs,,,,,,,Active
323,Francisco,Alvarez,Francisco Alvarez,18,New York Mets,NYM,National,East,C,"5' 10""",233 lbs,,,,,,,Active
596,Yordan,Alvarez,Yordan Alvarez,11,Houston Astros,HOU,American,West,DH,"6' 4""",237 lbs,,,,,,,Active
116,Adael,Amador,Adael Amador,9,Colorado Rockies,COL,National,West,2B,"5' 11""",209 lbs,,,,,,,Active
815,Miguel,Amaya,Miguel Amaya,5,Chicago Cubs,CHC,National,Central,C,"6' 1""",230 lbs,,,,,,,Active
6584,Drew,Anderson,Drew Anderson,10,Detroit Tigers,DET,American,Central,RP,"6' 3""",205 lbs,,,,,,,Active
36,Grant,Anderson,Grant Anderson,16,Milwaukee Brewers,MIL,National,Central,RP,"6' 0""",213 lbs,,,,,,,Active
4986331,Kade,Anderson,Kade Anderson,25,Seattle Mariners,SEA,American,West,SP,"6' 2""",179 lbs,,,,,,,Active
1626562,Roman,Anthony,Roman Anthony,4,Boston Red Sox,BOS,American,East,LF,"6' 3""",200 lbs,,,,,,,Active
4839465,Sam,Antonacci,Sam Antonacci,6,Chicago White Sox,CHW,American,Central,LF,"5' 11""",193 lbs,,,,,,,Active
6076,Tejay,Antone,Tejay Antone,7,Cincinnati Reds,CIN,National,Central,RP,"6' 4""",230 lbs,,,,,,,Active
58,Jonathan,Aranda,Jonathan Aranda,27,Tampa Bay Rays,TB,American,East,1B,"6' 0""",215 lbs,,,,,,,Active
402,Nolan,Arenado,Nolan Arenado,1,Arizona Diamondbacks,ARI,National,West,3B,"6' 2""",215 lbs,,,,,,,Active
905,Gabriel,Arias,Gabriel Arias,5,Chicago Cubs,CHC,National,Central,3B,"6' 1""",217 lbs,,,,,,,Active
615,Randy,Arozarena,Randy Arozarena,25,Seattle Mariners,SEA,American,West,LF,"5' 10""",185 lbs,,,,,,,Active
381,Luis,Arraez,Luis Arraez,21,Philadelphia Phillies,PHI,National,East,2B,"5' 10""",186 lbs,,,,,,,Active
356,Spencer,Arrighetti,Spencer Arrighetti,29,Toronto Blue Jays,TOR,American,East,SP,"6' 2""",186 lbs,,,,,,,Active
4667617,Edwin,Arroyo,Edwin Arroyo,7,Cincinnati Reds,CIN,National,Central,2B,"5' 11""",173 lbs,,,,,,,Active
1046,Aaron,Ashby,Aaron Ashby,16,Milwaukee Brewers,MIL,National,Central,RP,"6' 0""",194 lbs,,,,,,,Active
543,Braxton,Ashcraft,Braxton Ashcraft,22,Pittsburgh Pirates,PIT,National,Central,SP,"6' 5""",218 lbs,,,,,,,Active
656,Javier,Assad,Javier Assad,5,Chicago Cubs,CHC,National,Central,RP,"6' 1""",200 lbs,,,,,,,Active
258,Lake,Bachar,Lake Bachar,22,Pittsburgh Pirates,PIT,National,Central,RP,"6' 2""",219 lbs,,,,,,,Active
1918,Javier,Baez,Javier Baez,10,Detroit Tigers,DET,American,Central,SS,"5' 11""",190 lbs,,,,,,,Active
4667230,Joshua,Baez,Joshua Baez,26,St. Louis Cardinals,STL,National,Central,LF,"6' 3""",220 lbs,,,,,,,Active
977,Patrick,Bailey,Patrick Bailey,8,Cleveland Guardians,CLE,American,Central,C,"6' 0""",223 lbs,,,,,,,Active
624,Bryan,Baker,Bryan Baker,27,Tampa Bay Rays,TB,American,East,RP,"6' 6""",235 lbs,,,,,,,Active
114368,Drake,Baldwin,Drake Baldwin,2,Atlanta Braves,ATL,National,East,C,"6' 0""",225 lbs,,,,,,,Active
1122760,Moises,Ballesteros,Moises Ballesteros,13,Los Angeles Angels,LAA,American,West,DH,"5' 8""",195 lbs,,,,,,,Active
2974908,Will,Banfield,Will Banfield,7,Cincinnati Reds,CIN,National,Central,C,"6' 0""",215 lbs,,,,,,,Active
6623,Charlie,Barnes,Charlie Barnes,14,Los Angeles Dodgers,LAD,National,West,RP,"6' 2""",190 lbs,,,,,,,Active
19,Jorge,Barrosa,Jorge Barrosa,1,Arizona Diamondbacks,ARI,National,West,CF,"5' 6""",175 lbs,,,,,,,Active
70,Osleivis,Basabe,Osleivis Basabe,24,San Francisco Giants,SF,National,West,2B,"5' 11""",197 lbs,,,,,,,Active
2916046,Samuel,Basallo,Samuel Basallo,3,Baltimore Orioles,BAL,American,East,C,"6' 4""",250 lbs,,,,,,,Active
663,Chris,Bassitt,Chris Bassitt,3,Baltimore Orioles,BAL,American,East,SP,"6' 5""",220 lbs,,,,,,,Active
307,Brady,Basso,Brady Basso,20,Oakland Athletics,OAK,American,West,RP,"6' 2""",213 lbs,,,,,,,Active
4840225,Brett,Bateman,Brett Bateman,29,Toronto Blue Jays,TOR,American,East,CF,"5' 10""",170 lbs,,,,,,,Active
357,Brett,Baty,Brett Baty,18,New York Mets,NYM,National,East,3B,"6' 3""",210 lbs,,,,,,,Active
207,Jake,Bauers,Jake Bauers,16,Milwaukee Brewers,MIL,National,Central,1B,"6' 0""",216 lbs,,,,,,,Active
850,Shane,Baz,Shane Baz,3,Baltimore Orioles,BAL,American,East,SP,"6' 3""",200 lbs,,,,,,,Active
350,Eduard,Bazardo,Eduard Bazardo,25,Seattle Mariners,SEA,American,West,RP,"6' 0""",190 lbs,,,,,,,Active
4839339,Travis,Bazzana,Travis Bazzana,8,Cleveland Guardians,CLE,American,Central,2B,"5' 11""",199 lbs,,,,,,,Active
2897629,Dylan,Beavers,Dylan Beavers,3,Baltimore Orioles,BAL,American,East,LF,"6' 5""",220 lbs,,,,,,,Active
4941198,Brendan,Beck,Brendan Beck,19,New York Yankees,NYY,American,East,RP,"6' 2""",218 lbs,,,,,,,Active
166,Jordan,Beck,Jordan Beck,9,Colorado Rockies,COL,National,West,LF,"6' 2""",227 lbs,,,,,,,Active
556,David,Bednar,David Bednar,19,New York Yankees,NYY,American,East,RP,"6' 1""",250 lbs,,,,,,,Active
6218,Clayton,Beeter,Clayton Beeter,30,Washington Nationals,WSH,National,East,RP,"6' 2""",220 lbs,,,,,,,Active
3449,Josh,Bell,Josh Bell,17,Minnesota Twins,MIN,American,Central,DH,"6' 3""",261 lbs,,,,,,,Active
920,Cody,Bellinger,Cody Bellinger,19,New York Yankees,NYY,American,East,LF,"6' 3""",204 lbs,,,,,,,Active
206,Brayan,Bello,Brayan Bello,4,Boston Red Sox,BOS,American,East,SP,"6' 1""",195 lbs,,,,,,,Active
4839085,Carson,Benge,Carson Benge,18,New York Mets,NYM,National,East,RF,"6' 1""",184 lbs,,,,,,,Active
788,Andrew,Benintendi,Andrew Benintendi,6,Chicago White Sox,CHW,American,Central,DH,"5' 9""",185 lbs,,,,,,,Active
4787743,Jake,Bennett,Jake Bennett,4,Boston Red Sox,BOS,American,East,SP,"6' 6""",234 lbs,,,,,,,Active
4667196,Leo,Bernal,Leo Bernal,26,St. Louis Cardinals,STL,National,Central,C,"6' 0""",245 lbs,,,,,,,Active
209,Brennan,Bernardino,Brennan Bernardino,9,Colorado Rockies,COL,National,West,RP,"6' 4""",216 lbs,,,,,,,Active
831,Christian,Bethancourt,Christian Bethancourt,22,Pittsburgh Pirates,PIT,National,Central,C,"6' 1""",205 lbs,,,,,,,Active
118,Mookie,Betts,Mookie Betts,14,Los Angeles Dodgers,LAD,National,West,SS,"5' 9""",180 lbs,,,,,,,Active
708,Tanner,Bibee,Tanner Bibee,8,Cleveland Guardians,CLE,American,Central,SP,"6' 2""",205 lbs,,,,,,,Active
910,Bo,Bichette,Bo Bichette,18,New York Mets,NYM,National,East,3B,"5' 11""",190 lbs,,,,,,,Active
821,Spencer,Bivens,Spencer Bivens,24,San Francisco Giants,SF,National,West,RP,"6' 4""",220 lbs,,,,,,,Active
4443,Paul,Blackburn,Paul Blackburn,19,New York Yankees,NYY,American,East,RP,"6' 1""",196 lbs,,,,,,,Active
958,Bradley,Blalock,Bradley Blalock,15,Miami Marlins,MIA,National,East,RP,"6' 2""",213 lbs,,,,,,,Active
367,Ronel,Blanco,Ronel Blanco,11,Houston Astros,HOU,American,West,RP,"6' 3""",265 lbs,,,,,,,Active
597,JJ,Bleday,JJ Bleday,7,Cincinnati Reds,CIN,National,Central,LF,"6' 2""",205 lbs,,,,,,,Active
719,Scott,Blewett,Scott Blewett,20,Oakland Athletics,OAK,American,West,RP,"6' 6""",245 lbs,,,,,,,Active
2415167,AJ,Blubaugh,AJ Blubaugh,11,Houston Astros,HOU,American,West,RP,"6' 2""",190 lbs,,,,,,,Active
388,Xander,Bogaerts,Xander Bogaerts,23,San Diego Padres,SD,National,West,SS,"6' 2""",218 lbs,,,,,,,Active
495,Alec,Bohm,Alec Bohm,21,Philadelphia Phillies,PHI,National,East,3B,"6' 4""",218 lbs,,,,,,,Active
4838844,Henry,Bolte,Henry Bolte,20,Oakland Athletics,OAK,American,West,CF,"6' 3""",195 lbs,,,,,,,Active
222,Cam,Booser,Cam Booser,27,Tampa Bay Rays,TB,American,East,RP,"6' 3""",230 lbs,,,,,,,Active
4839022,Jase,Bowen,Jase Bowen,23,San Diego Padres,SD,National,West,RF,"6' 0""",215 lbs,,,,,,,Active
981,Jonathan,Bowlan,Jonathan Bowlan,21,Philadelphia Phillies,PHI,National,East,RP,"6' 6""",240 lbs,,,,,,,Active
3224,Matthew,Boyd,Matthew Boyd,5,Chicago Cubs,CHC,National,Central,SP,"6' 3""",223 lbs,,,,,,,Active
969,Cody,Bradford,Cody Bradford,28,Texas Rangers,TEX,American,West,SP,"6' 4""",197 lbs,,,,,,,Active
1490,Kyle,Bradish,Kyle Bradish,3,Baltimore Orioles,BAL,American,East,SP,"6' 3""",215 lbs,,,,,,,Active
878,Taj,Bradley,Taj Bradley,17,Minnesota Twins,MIN,American,Central,SP,"6' 2""",220 lbs,,,,,,,Active
4667266,Mitch,Bratt,Mitch Bratt,1,Arizona Diamondbacks,ARI,National,West,SP,"6' 1""",215 lbs,,,,,,,Active
1318,Alex,Bregman,Alex Bregman,5,Chicago Cubs,CHC,National,Central,3B,"5' 10""",190 lbs,,,,,,,Active
49,Beau,Brieske,Beau Brieske,10,Detroit Tigers,DET,American,Central,RP,"6' 3""",200 lbs,,,,,,,Active
5793,Jhony,Brito,Jhony Brito,23,San Diego Padres,SD,National,West,RP,"6' 2""",210 lbs,,,,,,,Active
915,Juan,Brito,Juan Brito,7,Cincinnati Reds,CIN,National,Central,2B,"6' 0""",202 lbs,,,,,,,Active
379,Hunter,Brown,Hunter Brown,11,Houston Astros,HOU,American,West,SP,"6' 2""",220 lbs,,,,,,,Active
6003,Justin,Bruihl,Justin Bruihl,26,St. Louis Cardinals,STL,National,Central,RP,"6' 2""",215 lbs,,,,,,,Active
1121,Walker,Buehler,Walker Buehler,23,San Diego Padres,SD,National,West,SP,"6' 2""",185 lbs,,,,,,,Active
499,Jake,Burger,Jake Burger,28,Texas Rangers,TEX,American,West,1B,"6' 0""",230 lbs,,,,,,,Active
1982482,Juan,Burgos,Juan Burgos,1,Arizona Diamondbacks,ARI,National,West,RP,"6' 0""",190 lbs,,,,,,,Active
11546,Raymond,Burgos,Raymond Burgos,4,Boston Red Sox,BOS,American,East,RP,"6' 5""",209 lbs,,,,,,,Active
496,Brock,Burke,Brock Burke,7,Cincinnati Reds,CIN,National,Central,RP,"6' 4""",210 lbs,,,,,,,Active
534,Sean,Burke,Sean Burke,6,Chicago White Sox,CHW,American,Central,SP,"6' 6""",240 lbs,,,,,,,Active
4840830,Blake,Burkhalter,Blake Burkhalter,2,Atlanta Braves,ATL,National,East,RP,"6' 0""",204 lbs,,,,,,,Active
478,Alec,Burleson,Alec Burleson,26,St. Louis Cardinals,STL,National,Central,1B,"6' 0""",225 lbs,,,,,,,Active
1905390,Chase,Burns,Chase Burns,7,Cincinnati Reds,CIN,National,Central,SP,"6' 3""",210 lbs,,,,,,,Active
847,Michael,Busch,Michael Busch,5,Chicago Cubs,CHC,National,Central,1B,"5' 11""",210 lbs,,,,,,,Active
616,Lawrence,Butler,Lawrence Butler,20,Oakland Athletics,OAK,American,West,RF,"6' 3""",210 lbs,,,,,,,Active
1028,Byron,Buxton,Byron Buxton,17,Minnesota Twins,MIN,American,Central,CF,"6' 1""",190 lbs,,,,,,,Active
72,Jose,Caballero,Jose Caballero,19,New York Yankees,NYY,American,East,SS,"5' 9""",190 lbs,,,,,,,Active
4839952,Jose,Cabrera,Jose Cabrera,1,Arizona Diamondbacks,ARI,National,West,SP,"6' 3""",235 lbs,,,,,,,Active
1496602,Jac,Caglianone,Jac Caglianone,12,Kansas City Royals,KC,American,Central,RF,"6' 4""",250 lbs,,,,,,,Active
2863156,Owen,Caissie,Owen Caissie,15,Miami Marlins,MIA,National,East,RF,"6' 4""",190 lbs,,,,,,,Active
201,Alex,Call,Alex Call,14,Los Angeles Dodgers,LAD,National,West,LF,"5' 11""",189 lbs,,,,,,,Active
4838713,Brett,Callahan,Brett Callahan,10,Detroit Tigers,DET,American,Central,LF,"6' 0""",195 lbs,,,,,,,Active
909,Daz,Cameron,Daz Cameron,29,Toronto Blue Jays,TOR,American,East,LF,"6' 0""",185 lbs,,,,,,,Active
870109,Noah,Cameron,Noah Cameron,12,Kansas City Royals,KC,American,Central,SP,"6' 3""",220 lbs,,,,,,,Active
88,Junior,Caminero,Junior Caminero,27,Tampa Bay Rays,TB,American,East,3B,"6' 1""",220 lbs,,,,,,,Active
370,Luis,Campusano,Luis Campusano,23,San Diego Padres,SD,National,West,C,"5' 10""",232 lbs,,,,,,,Active
617,Griffin,Canning,Griffin Canning,23,San Diego Padres,SD,National,West,SP,"6' 2""",180 lbs,,,,,,,Active
643,Yennier,Cano,Yennier Cano,3,Baltimore Orioles,BAL,American,East,RP,"6' 4""",245 lbs,,,,,,,Active
720,Joey,Cantillo,Joey Cantillo,8,Cleveland Guardians,CLE,American,Central,SP,"6' 4""",225 lbs,,,,,,,Active
625,Dominic,Canzone,Dominic Canzone,25,Seattle Mariners,SEA,American,West,DH,"6' 0""",190 lbs,,,,,,,Active
493,Victor,Caratini,Victor Caratini,17,Minnesota Twins,MIN,American,Central,C,"6' 0""",225 lbs,,,,,,,Active
4838738,Cole,Carrigg,Cole Carrigg,9,Colorado Rockies,COL,National,West,CF,"6' 2""",204 lbs,,,,,,,Active
4840768,Gerardo,Carrillo,Gerardo Carrillo,1,Arizona Diamondbacks,ARI,National,West,RP,"6' 1""",185 lbs,,,,,,,Active
23,Corbin,Carroll,Corbin Carroll,1,Arizona Diamondbacks,ARI,National,West,RF,"5' 10""",180 lbs,,,,,,,Active
2882,Evan,Carter,Evan Carter,28,Texas Rangers,TEX,American,West,CF,"6' 2""",190 lbs,,,,,,,Active
7639,Blas,Castano,Blas Castano,9,Colorado Rockies,COL,National,West,RP,"5' 10""",162 lbs,,,,,,,Active
369,Luis,Castillo,Luis Castillo,6,Chicago White Sox,CHW,American,Central,SP,"6' 2""",200 lbs,,,,,,,Active
955,Willi,Castro,Willi Castro,9,Colorado Rockies,COL,National,West,2B,"6' 0""",209 lbs,,,,,,,Active
4838858,Cam,Cauley,Cam Cauley,28,Texas Rangers,TEX,American,West,CF,"5' 9""",170 lbs,,,,,,,Active
2786,Cade,Cavalli,Cade Cavalli,30,Washington Nationals,WSH,National,East,SP,"6' 4""",223 lbs,,,,,,,Active
5689126,Drew,Cavanaugh,Drew Cavanaugh,24,San Francisco Giants,SF,National,West,C,"6' 0""",219 lbs,,,,,,,Active
224,Dylan,Cease,Dylan Cease,29,Toronto Blue Jays,TOR,American,East,SP,"6' 2""",200 lbs,,,,,,,Active
11,Slade,Cecconi,Slade Cecconi,8,Cleveland Guardians,CLE,American,Central,SP,"6' 4""",219 lbs,,,,,,,Active
3015008,Bubba,Chandler,Bubba Chandler,22,Pittsburgh Pirates,PIT,National,Central,SP,"6' 3""",206 lbs,,,,,,,Active
96,Andres,Chaparro,Andres Chaparro,30,Washington Nationals,WSH,National,East,1B,"6' 0""",200 lbs,,,,,,,Active
3638,Aroldis,Chapman,Aroldis Chapman,4,Boston Red Sox,BOS,American,East,RP,"6' 4""",235 lbs,,,,,,,Active
518,Jazz,Chisholm Jr.,Jazz Chisholm Jr.,19,New York Yankees,NYY,American,East,2B,"5' 11""",184 lbs,,,,,,,Active
274,Jackson,Chourio,Jackson Chourio,16,Milwaukee Brewers,MIL,National,Central,LF,"6' 1""",199 lbs,,,,,,,Active
2917341,Nathan,Church,Nathan Church,26,St. Louis Cardinals,STL,National,Central,CF,"5' 10""",180 lbs,,,,,,,Active
1055,Aaron,Civale,Aaron Civale,5,Chicago Cubs,CHC,National,Central,SP,"6' 1""",245 lbs,,,,,,,Active
4838700,Max,Clark,Max Clark,10,Detroit Tigers,DET,American,Central,CF,"5' 11""",205 lbs,,,,,,,Active
1308530,Denzel,Clarke,Denzel Clarke,20,Oakland Athletics,OAK,American,West,CF,"6' 3""",220 lbs,,,,,,,Active
2090,Taylor,Clarke,Taylor Clarke,1,Arizona Diamondbacks,ARI,National,West,RP,"6' 3""",210 lbs,,,,,,,Active
889,Garrett,Cleavinger,Garrett Cleavinger,27,Tampa Bay Rays,TB,American,East,RP,"6' 1""",225 lbs,,,,,,,Active
511,Kody,Clemens,Kody Clemens,17,Minnesota Twins,MIN,American,Central,2B,"6' 0""",200 lbs,,,,,,,Active
919,Ernie,Clement,Ernie Clement,29,Toronto Blue Jays,TOR,American,East,2B,"6' 0""",170 lbs,,,,,,,Active
380,Gerrit,Cole,Gerrit Cole,19,New York Yankees,NYY,American,East,SP,"6' 4""",220 lbs,,,,,,,Active
288,Isaac,Collins,Isaac Collins,12,Kansas City Royals,KC,American,Central,LF,"5' 8""",188 lbs,,,,,,,Active
2716,Michael,Conforto,Michael Conforto,5,Chicago Cubs,CHC,National,Central,DH,"5' 11""",215 lbs,,,,,,,Active
550,Griffin,Conine,Griffin Conine,15,Miami Marlins,MIA,National,East,RF,"6' 1""",210 lbs,,,,,,,Active
168,William,Contreras,William Contreras,16,Milwaukee Brewers,MIL,National,Central,C,"5' 10""",217 lbs,,,,,,,Active
365,Willson,Contreras,Willson Contreras,4,Boston Red Sox,BOS,American,East,1B,"6' 0""",240 lbs,,,,,,,Active
4668338,Alexander,Cook,Alexander Cook,27,Tampa Bay Rays,TB,American,East,RP,"6' 2""",220 lbs,,,,,,,Active
696,Billy,Cook,Billy Cook,22,Pittsburgh Pirates,PIT,National,Central,CF,"6' 0""",204 lbs,,,,,,,Active
4788741,Riley,Cornelio,Riley Cornelio,30,Washington Nationals,WSH,National,East,RP,"6' 3""",195 lbs,,,,,,,Active
2432721,Carlos,Cortes,Carlos Cortes,20,Oakland Athletics,OAK,American,West,RF,"5' 7""",197 lbs,,,,,,,Active
234,Tom,Cosgrove,Tom Cosgrove,30,Washington Nationals,WSH,National,East,RP,"6' 2""",190 lbs,,,,,,,Active
916,Colton,Cowser,Colton Cowser,3,Baltimore Orioles,BAL,American,East,CF,"6' 3""",220 lbs,,,,,,,Active
4839188,Jonah,Cox,Jonah Cox,24,San Francisco Giants,SF,National,West,CF,"6' 2""",204 lbs,,,,,,,Active
568,J.P.,Crawford,J.P. Crawford,25,Seattle Mariners,SEA,American,West,SS,"6' 0""",202 lbs,,,,,,,Active
4839485,Justin,Crawford,Justin Crawford,21,Philadelphia Phillies,PHI,National,East,CF,"6' 2""",188 lbs,,,,,,,Active
218,Dylan,Crews,Dylan Crews,30,Washington Nationals,WSH,National,East,RF,"5' 11""",203 lbs,,,,,,,Active
241,Cooper,Criswell,Cooper Criswell,25,Seattle Mariners,SEA,American,West,RP,"6' 6""",200 lbs,,,,,,,Active
403,Jake,Cronenworth,Jake Cronenworth,23,San Diego Padres,SD,National,West,2B,"5' 11""",187 lbs,,,,,,,Active
3143565,Jimmy,Crooks,Jimmy Crooks,26,St. Louis Cardinals,STL,National,Central,C,"6' 0""",230 lbs,,,,,,,Active
935,Pete,Crow-Armstrong,Pete Crow-Armstrong,5,Chicago Cubs,CHC,National,Central,CF,"6' 0""",184 lbs,,,,,,,Active
704,Oneil,Cruz,Oneil Cruz,22,Pittsburgh Pirates,PIT,National,Central,CF,"6' 7""",248 lbs,,,,,,,Active
987,Steven,Cruz,Steven Cruz,12,Kansas City Royals,KC,American,Central,RP,"6' 7""",225 lbs,,,,,,,Active
313,Jose,Cuas,Jose Cuas,12,Kansas City Royals,KC,American,Central,RP,"6' 3""",195 lbs,,,,,,,Active
4933663,Kaelen,Culpepper,Kaelen Culpepper,17,Minnesota Twins,MIN,American,Central,SS,"5' 10""",185 lbs,,,,,,,Active
311,Xzavion,Curry,Xzavion Curry,18,New York Mets,NYM,National,East,RP,"6' 0""",195 lbs,,,,,,,Active
4956637,Khristian,Curtis,Khristian Curtis,22,Pittsburgh Pirates,PIT,National,Central,SP,"6' 5""",215 lbs,,,,,,,Active
794,Travis,d'Arnaud,Travis d'Arnaud,13,Los Angeles Angels,LAA,American,West,C,"6' 0""",210 lbs,,,,,,,Active
4840391,Nick,Davila,Nick Davila,25,Seattle Mariners,SEA,American,West,RP,"6' 3""",230 lbs,,,,,,,Active
665,Henry,Davis,Henry Davis,22,Pittsburgh Pirates,PIT,National,Central,C,"5' 11""",225 lbs,,,,,,,Active
4839469,Tyler,Davis,Tyler Davis,6,Chicago White Sox,CHW,American,Central,RP,"6' 2""",210 lbs,,,,,,,Active
790,Bryan,De La Cruz,Bryan De La Cruz,21,Philadelphia Phillies,PHI,National,East,RF,"6' 0""",175 lbs,,,,,,,Active
745,Elly,De La Cruz,Elly De La Cruz,7,Cincinnati Reds,CIN,National,Central,SS,"6' 6""",200 lbs,,,,,,,Active
4839726,Luis,De Leon,Luis De Leon,3,Baltimore Orioles,BAL,American,East,RP,"6' 3""",168 lbs,,,,,,,Active
3764500,Deyvison,De Los Santos,Deyvison De Los Santos,15,Miami Marlins,MIA,National,East,3B,"6' 1""",185 lbs,,,,,,,Active
559,Enyel,De Los Santos,Enyel De Los Santos,11,Houston Astros,HOU,American,West,RP,"6' 3""",235 lbs,,,,,,,Active
4676,Yerry,De los Santos,Yerry De los Santos,19,New York Yankees,NYY,American,East,RP,"6' 3""",230 lbs,,,,,,,Active
1017,Jacob,deGrom,Jacob deGrom,28,Texas Rangers,TEX,American,West,SP,"6' 4""",180 lbs,,,,,,,Active
3781026,Chase,DeLauter,Chase DeLauter,8,Cleveland Guardians,CLE,American,Central,RF,"6' 3""",235 lbs,,,,,,,Active
182,Jonny,DeLuca,Jonny DeLuca,27,Tampa Bay Rays,TB,American,East,RF,"5' 10""",195 lbs,,,,,,,Active
527,Reid,Detmers,Reid Detmers,13,Los Angeles Angels,LAA,American,West,SP,"6' 2""",210 lbs,,,,,,,Active
3693,Chris,Devenski,Chris Devenski,18,New York Mets,NYM,National,East,RP,"6' 3""",208 lbs,,,,,,,Active
410,Rafael,Devers,Rafael Devers,24,San Francisco Giants,SF,National,West,1B,"6' 0""",235 lbs,,,,,,,Active
1397,Elias,Diaz,Elias Diaz,28,Texas Rangers,TEX,American,West,C,"6' 1""",223 lbs,,,,,,,Active
504,Yainer,Diaz,Yainer Diaz,11,Houston Astros,HOU,American,West,C,"5' 11""",195 lbs,,,,,,,Active
92,Yandy,Diaz,Yandy Diaz,27,Tampa Bay Rays,TB,American,East,DH,"6' 0""",235 lbs,,,,,,,Active
16,Yilber,Diaz,Yilber Diaz,10,Detroit Tigers,DET,American,Central,RP,"6' 0""",190 lbs,,,,,,,Active
203,Dillon,Dingler,Dillon Dingler,10,Detroit Tigers,DET,American,Central,C,"6' 1""",210 lbs,,,,,,,Active
4838923,Will,Dion,Will Dion,30,Washington Nationals,WSH,National,East,RP,"5' 10""",180 lbs,,,,,,,Active
731,Randy,Dobnak,Randy Dobnak,12,Kansas City Royals,KC,American,Central,SP,"6' 1""",230 lbs,,,,,,,Active
630,Dylan,Dodd,Dylan Dodd,2,Atlanta Braves,ATL,National,East,RP,"6' 2""",210 lbs,,,,,,,Active
544,Jasson,Dominguez,Jasson Dominguez,19,New York Yankees,NYY,American,East,RF,"5' 9""",218 lbs,,,,,,,Active
669,Seranthony,Dominguez,Seranthony Dominguez,25,Seattle Mariners,SEA,American,West,RP,"6' 1""",225 lbs,,,,,,,Active
4788421,Wilber,Dotel,Wilber Dotel,22,Pittsburgh Pirates,PIT,National,Central,RP,"6' 3""",238 lbs,,,,,,,Active
842,Camilo,Doval,Camilo Doval,22,Pittsburgh Pirates,PIT,National,Central,RP,"6' 2""",205 lbs,,,,,,,Active
220,Brenton,Doyle,Brenton Doyle,6,Chicago White Sox,CHW,American,Central,CF,"6' 3""",223 lbs,,,,,,,Active
12961,Jack,Dreyer,Jack Dreyer,14,Los Angeles Dodgers,LAD,National,West,RP,"6' 2""",205 lbs,,,,,,,Active
4667487,Shane,Drohan,Shane Drohan,16,Milwaukee Brewers,MIL,National,Central,SP,"6' 2""",202 lbs,,,,,,,Active
5396,Daniel,Duarte,Daniel Duarte,18,New York Mets,NYM,National,East,RP,"6' 0""",235 lbs,,,,,,,Active
628,Mauricio,Dubon,Mauricio Dubon,2,Atlanta Braves,ATL,National,East,LF,"5' 11""",173 lbs,,,,,,,Active
158,Ezequiel,Duran,Ezequiel Duran,28,Texas Rangers,TEX,American,West,SS,"5' 10""",185 lbs,,,,,,,Active
497,Jarren,Duran,Jarren Duran,4,Boston Red Sox,BOS,American,East,LF,"6' 0""",205 lbs,,,,,,,Active
740,Jhoan,Duran,Jhoan Duran,21,Philadelphia Phillies,PHI,National,East,RP,"6' 5""",230 lbs,,,,,,,Active
11819,Caleb,Durbin,Caleb Durbin,4,Boston Red Sox,BOS,American,East,3B,"5' 6""",183 lbs,,,,,,,Active
160,Tommy,Edman,Tommy Edman,14,Los Angeles Dodgers,LAD,National,West,2B,"5' 10""",193 lbs,,,,,,,Active
502,Xavier,Edwards,Xavier Edwards,15,Miami Marlins,MIA,National,East,2B,"5' 9""",175 lbs,,,,,,,Active
4839142,Josh,Ekness,Josh Ekness,15,Miami Marlins,MIA,National,East,RP,"6' 4""",225 lbs,,,,,,,Active
640,Bryce,Elder,Bryce Elder,2,Atlanta Braves,ATL,National,East,SP,"6' 2""",220 lbs,,,,,,,Active
3481087,Bryce,Eldridge,Bryce Eldridge,24,San Francisco Giants,SF,National,West,DH,"6' 7""",251 lbs,,,,,,,Active
751,Christian,Encarnacion-Strand,Christian Encarnacion-Strand,3,Baltimore Orioles,BAL,American,East,3B,"6' 1""",224 lbs,,,,,,,Active
747,Daniel,Espino,Daniel Espino,8,Cleveland Guardians,CLE,American,Central,RP,"6' 0""",225 lbs,,,,,,,Active
339,Joey,Estes,Joey Estes,20,Oakland Athletics,OAK,American,West,SP,"6' 2""",190 lbs,,,,,,,Active
4839318,A.J.,Ewing,A.J. Ewing,18,New York Mets,NYM,National,East,CF,"5' 10""",160 lbs,,,,,,,Active
2624,Stuart,Fairchild,Stuart Fairchild,25,Seattle Mariners,SEA,American,West,CF,"5' 11""",205 lbs,,,,,,,Active
980,Kyle,Farmer,Kyle Farmer,2,Atlanta Braves,ATL,National,East,DH,"5' 11""",205 lbs,,,,,,,Active
3197739,Mitch,Farris,Mitch Farris,13,Los Angeles Angels,LAA,American,West,RP,"6' 2""",195 lbs,,,,,,,Active
316,Calvin,Faucher,Calvin Faucher,15,Miami Marlins,MIA,National,East,RP,"6' 1""",190 lbs,,,,,,,Active
172,Erick,Fedde,Erick Fedde,6,Chicago White Sox,CHW,American,Central,SP,"6' 4""",205 lbs,,,,,,,Active
6091,Hunter,Feduccia,Hunter Feduccia,14,Los Angeles Dodgers,LAD,National,West,C,"6' 1""",215 lbs,,,,,,,Active
979,Ryan,Feltner,Ryan Feltner,9,Colorado Rockies,COL,National,West,SP,"6' 4""",200 lbs,,,,,,,Active
5044,Caleb,Ferguson,Caleb Ferguson,26,St. Louis Cardinals,STL,National,Central,RP,"6' 3""",225 lbs,,,,,,,Active
344,Tyler,Ferguson,Tyler Ferguson,5,Chicago Cubs,CHC,National,Central,RP,"6' 4""",225 lbs,,,,,,,Active
127,Freddy,Fermin,Freddy Fermin,23,San Diego Padres,SD,National,West,C,"5' 10""",200 lbs,,,,,,,Active
419,Jose,Fermin,Jose Fermin,26,St. Louis Cardinals,STL,National,Central,LF,"5' 10""",198 lbs,,,,,,,Active
800316,Jose,Fermin,Jose Fermin,13,Los Angeles Angels,LAA,American,West,RP,"6' 3""",242 lbs,,,,,,,Active
4667354,Jose,Fernandez,Jose Fernandez,1,Arizona Diamondbacks,ARI,National,West,DH,"6' 3""",215 lbs,,,,,,,Active
185,Ryan,Fernandez,Ryan Fernandez,26,St. Louis Cardinals,STL,National,Central,RP,"6' 0""",200 lbs,,,,,,,Active
875,Jose,Ferrer,Jose Ferrer,25,Seattle Mariners,SEA,American,West,RP,"6' 1""",233 lbs,,,,,,,Active
1044,Matt,Festa,Matt Festa,8,Cleveland Guardians,CLE,American,Central,RP,"6' 1""",195 lbs,,,,,,,Active
886,Kyle,Finnegan,Kyle Finnegan,10,Detroit Tigers,DET,American,Central,RP,"6' 2""",198 lbs,,,,,,,Active
1010432,Braydon,Fisher,Braydon Fisher,29,Toronto Blue Jays,TOR,American,East,RP,"6' 4""",180 lbs,,,,,,,Active
3498125,Rafael,Flores Jr.,Rafael Flores Jr.,22,Pittsburgh Pirates,PIT,National,Central,C,"6' 3""",232 lbs,,,,,,,Active
292312,Mason,Fluharty,Mason Fluharty,29,Toronto Blue Jays,TOR,American,East,RP,"6' 2""",215 lbs,,,,,,,Active
74,Jason,Foley,Jason Foley,24,San Francisco Giants,SF,National,West,RP,"6' 4""",215 lbs,,,,,,,Active
3197111,Harry,Ford,Harry Ford,30,Washington Nationals,WSH,National,East,C,"5' 10""",200 lbs,,,,,,,Active
428,Nick,Fortes,Nick Fortes,27,Tampa Bay Rays,TB,American,East,C,"5' 11""",198 lbs,,,,,,,Active
170,Justin,Foscue,Justin Foscue,28,Texas Rangers,TEX,American,West,2B,"5' 11""",205 lbs,,,,,,,Active
1471,Ty,France,Ty France,23,San Diego Padres,SD,National,West,1B,"5' 10""",215 lbs,,,,,,,Active
4668488,Christian,Franklin,Christian Franklin,3,Baltimore Orioles,BAL,American,East,CF,"5' 9""",195 lbs,,,,,,,Active
7112,Nick,Frasso,Nick Frasso,9,Colorado Rockies,COL,National,West,RP,"6' 5""",200 lbs,,,,,,,Active
162,Adam,Frazier,Adam Frazier,13,Los Angeles Angels,LAA,American,West,2B,"5' 10""",190 lbs,,,,,,,Active
2563272,Alex,Freeland,Alex Freeland,14,Los Angeles Dodgers,LAD,National,West,2B,"5' 11""",200 lbs,,,,,,,Active
2359490,Cody,Freeman,Cody Freeman,28,Texas Rangers,TEX,American,West,3B,"5' 9""",180 lbs,,,,,,,Active
130,Freddie,Freeman,Freddie Freeman,14,Los Angeles Dodgers,LAD,National,West,1B,"6' 4""",220 lbs,,,,,,,Active
297,Sal,Frelick,Sal Frelick,16,Milwaukee Brewers,MIL,National,Central,RF,"5' 9""",191 lbs,,,,,,,Active
5439,Max,Fried,Max Fried,19,New York Yankees,NYY,American,East,SP,"6' 4""",190 lbs,,,,,,,Active
818,TJ,Friedl,TJ Friedl,7,Cincinnati Reds,CIN,National,Central,CF,"5' 8""",180 lbs,,,,,,,Active
927,David,Fry,David Fry,8,Cleveland Guardians,CLE,American,Central,RF,"6' 1""",215 lbs,,,,,,,Active
1828637,Didier,Fuentes,Didier Fuentes,2,Atlanta Braves,ATL,National,East,RP,"6' 0""",170 lbs,,,,,,,Active
2780,Michael,Fulmer,Michael Fulmer,19,New York Yankees,NYY,American,East,RP,"6' 2""",221 lbs,,,,,,,Active
3764242,Dax,Fulton,Dax Fulton,15,Miami Marlins,MIA,National,East,RP,"6' 7""",245 lbs,,,,,,,Active
756,Kody,Funderburk,Kody Funderburk,17,Minnesota Twins,MIN,American,Central,RP,"6' 4""",230 lbs,,,,,,,Active
5869536,Nate,Furman,Nate Furman,24,San Francisco Giants,SF,National,West,2B,"5' 8""",173 lbs,,,,,,,Active
764,Hunter,Gaddis,Hunter Gaddis,8,Cleveland Guardians,CLE,American,Central,RP,"6' 6""",260 lbs,,,,,,,Active
4840112,Alec,Gamboa,Alec Gamboa,4,Boston Red Sox,BOS,American,East,RP,"6' 1""",205 lbs,,,,,,,Active
2412719,Brandyn,Garcia,Brandyn Garcia,1,Arizona Diamondbacks,ARI,National,West,RP,"6' 4""",235 lbs,,,,,,,Active
125,Luis,Garcia Jr.,Luis Garcia Jr.,19,New York Yankees,NYY,American,East,1B,"6' 1""",216 lbs,,,,,,,Active
4842852,Julian,Garcia,Julian Garcia,7,Cincinnati Reds,CIN,National,Central,RP,"6' 3""",206 lbs,,,,,,,Active
5319,Rico,Garcia,Rico Garcia,3,Baltimore Orioles,BAL,American,East,RP,"5' 9""",215 lbs,,,,,,,Active
423,Mickey,Gasper,Mickey Gasper,4,Boston Red Sox,BOS,American,East,DH,"5' 9""",205 lbs,,,,,,,Active
7177,Robert,Gasser,Robert Gasser,16,Milwaukee Brewers,MIL,National,Central,SP,"6' 0""",197 lbs,,,,,,,Active
4839161,Luis,Gastelum,Luis Gastelum,26,St. Louis Cardinals,STL,National,Central,RP,"6' 2""",175 lbs,,,,,,,Active
741,Kevin,Gausman,Kevin Gausman,5,Chicago Cubs,CHC,National,Central,SP,"6' 2""",205 lbs,,,,,,,Active
513,Zack,Gelof,Zack Gelof,20,Oakland Athletics,OAK,American,West,3B,"6' 2""",205 lbs,,,,,,,Active
4667657,Angel,Genao,Angel Genao,8,Cleveland Guardians,CLE,American,Central,2B,"5' 11""",150 lbs,,,,,,,Active
686844,Cade,Gibson,Cade Gibson,15,Miami Marlins,MIA,National,East,RP,"6' 2""",195 lbs,,,,,,,Active
409,Luis,Gil,Luis Gil,19,New York Yankees,NYY,American,East,SP,"6' 3""",215 lbs,,,,,,,Active
2752861,Drew,Gilbert,Drew Gilbert,24,San Francisco Giants,SF,National,West,CF,"5' 9""",195 lbs,,,,,,,Active
393,Logan,Gilbert,Logan Gilbert,25,Seattle Mariners,SEA,American,West,SP,"6' 6""",215 lbs,,,,,,,Active
317,Tyler,Gilbert,Tyler Gilbert,6,Chicago White Sox,CHW,American,Central,RP,"6' 3""",225 lbs,,,,,,,Active
944,Andres,Gimenez,Andres Gimenez,29,Toronto Blue Jays,TOR,American,East,SS,"5' 11""",161 lbs,,,,,,,Active
26,Kevin,Ginkel,Kevin Ginkel,1,Arizona Diamondbacks,ARI,National,West,RP,"6' 4""",235 lbs,,,,,,,Active
354,J.T.,Ginn,J.T. Ginn,20,Oakland Athletics,OAK,American,West,SP,"6' 2""",200 lbs,,,,,,,Active
1865,Tyler,Glasnow,Tyler Glasnow,14,Los Angeles Dodgers,LAD,National,West,SP,"6' 8""",225 lbs,,,,,,,Active
1439,Paul,Goldschmidt,Paul Goldschmidt,19,New York Yankees,NYY,American,East,1B,"6' 2""",225 lbs,,,,,,,Active
6650,Yoendrys,Gomez,Yoendrys Gomez,17,Minnesota Twins,MIN,American,Central,RP,"6' 3""",212 lbs,,,,,,,Active
707,Nick,Gonzales,Nick Gonzales,22,Pittsburgh Pirates,PIT,National,Central,3B,"5' 8""",193 lbs,,,,,,,Active
4668014,Gabriel,Gonzalez,Gabriel Gonzalez,17,Minnesota Twins,MIN,American,Central,RF,"5' 10""",165 lbs,,,,,,,Active
4838800,Jacob,Gonzalez,Jacob Gonzalez,22,Pittsburgh Pirates,PIT,National,Central,SS,"6' 2""",205 lbs,,,,,,,Active
264,Wikelman,Gonzalez,Wikelman Gonzalez,15,Miami Marlins,MIA,National,East,RP,"6' 0""",220 lbs,,,,,,,Active
81,Hunter,Goodman,Hunter Goodman,9,Colorado Rockies,COL,National,West,C,"5' 11""",220 lbs,,,,,,,Active
1012,Tanner,Gordon,Tanner Gordon,9,Colorado Rockies,COL,National,West,RP,"6' 5""",220 lbs,,,,,,,Active
903,MacKenzie,Gore,MacKenzie Gore,28,Texas Rangers,TEX,American,West,SP,"6' 2""",193 lbs,,,,,,,Active
436,Nolan,Gorman,Nolan Gorman,26,St. Louis Cardinals,STL,National,Central,3B,"6' 0""",225 lbs,,,,,,,Active
2911,Anthony,Gose,Anthony Gose,12,Kansas City Royals,KC,American,Central,RP,"6' 0""",200 lbs,,,,,,,Active
193,Gordon,Graceffo,Gordon Graceffo,26,St. Louis Cardinals,STL,National,Central,RP,"6' 4""",220 lbs,,,,,,,Active
4839425,Peyton,Gray,Peyton Gray,28,Texas Rangers,TEX,American,West,RP,"6' 4""",235 lbs,,,,,,,Active
200,Sonny,Gray,Sonny Gray,4,Boston Red Sox,BOS,American,East,SP,"5' 10""",190 lbs,,,,,,,Active
320,Riley,Greene,Riley Greene,10,Detroit Tigers,DET,American,Central,LF,"6' 2""",200 lbs,,,,,,,Active
1445,Randal,Grichuk,Randal Grichuk,6,Chicago White Sox,CHW,American,Central,DH,"6' 0""",210 lbs,,,,,,,Active
8416,Foster,Griffin,Foster Griffin,8,Cleveland Guardians,CLE,American,Central,SP,"6' 3""",225 lbs,,,,,,,Active
4839059,Konnor,Griffin,Konnor Griffin,22,Pittsburgh Pirates,PIT,National,Central,SS,"6' 3""",222 lbs,,,,,,,Active
551,Trent,Grisham,Trent Grisham,19,New York Yankees,NYY,American,East,CF,"5' 10""",221 lbs,,,,,,,Active
445,Vaughn,Grissom,Vaughn Grissom,13,Los Angeles Angels,LAA,American,West,2B,"6' 2""",210 lbs,,,,,,,Active
939,Vladimir,Guerrero Jr.,Vladimir Guerrero Jr.,29,Toronto Blue Jays,TOR,American,East,1B,"6' 0""",245 lbs,,,,,,,Active
4640,Tyron,Guerrero,Tyron Guerrero,4,Boston Red Sox,BOS,American,East,RP,"6' 8""",225 lbs,,,,,,,Active
4,Lourdes,Gurriel Jr.,Lourdes Gurriel Jr.,1,Arizona Diamondbacks,ARI,National,West,LF,"6' 3""",215 lbs,,,,,,,Active
416,Ryan,Gusto,Ryan Gusto,15,Miami Marlins,MIA,National,East,SP,"6' 4""",232 lbs,,,,,,,Active
3443137,Denzer,Guzman,Denzer Guzman,13,Los Angeles Angels,LAA,American,West,3B,"6' 1""",190 lbs,,,,,,,Active
420,Josh,Hader,Josh Hader,11,Houston Astros,HOU,American,West,RP,"6' 3""",188 lbs,,,,,,,Active
612305,Justin,Hagenman,Justin Hagenman,18,New York Mets,NYM,National,East,RP,"6' 3""",205 lbs,,,,,,,Active
1056,DL,Hall,DL Hall,16,Milwaukee Brewers,MIL,National,Central,RP,"6' 1""",209 lbs,,,,,,,Active
3576277,Petey,Halpin,Petey Halpin,8,Cleveland Guardians,CLE,American,Central,CF,"5' 11""",200 lbs,,,,,,,Active
5868766,Seth,Halvorsen,Seth Halvorsen,14,Los Angeles Dodgers,LAD,National,West,Relief Pitcher,"6' 2""",243 lbs,,,,,,,Active
448,David,Hamilton,David Hamilton,16,Milwaukee Brewers,MIL,National,Central,3B,"5' 10""",192 lbs,,,,,,,Active
405,Emerson,Hancock,Emerson Hancock,25,Seattle Mariners,SEA,American,West,SP,"6' 4""",213 lbs,,,,,,,Active
956,Ian,Happ,Ian Happ,5,Chicago Cubs,CHC,National,Central,LF,"5' 10""",205 lbs,,,,,,,Active
515,Bryce,Harper,Bryce Harper,21,Philadelphia Phillies,PHI,National,East,1B,"6' 1""",210 lbs,,,,,,,Active
254,Dustin,Harris,Dustin Harris,23,San Diego Padres,SD,National,West,LF,"6' 2""",185 lbs,,,,,,,Active
360,Hogan,Harris,Hogan Harris,20,Oakland Athletics,OAK,American,West,RP,"6' 3""",230 lbs,,,,,,,Active
874,Michael,Harris II,Michael Harris II,2,Atlanta Braves,ATL,National,East,CF,"5' 11""",195 lbs,,,,,,,Active
4839371,Trent,Harris,Trent Harris,24,San Francisco Giants,SF,National,West,RP,"6' 1""",206 lbs,,,,,,,Active
854,Kyle,Harrison,Kyle Harrison,16,Milwaukee Brewers,MIL,National,Central,SP,"6' 2""",216 lbs,,,,,,,Active
10677,Kyle,Hart,Kyle Hart,23,San Diego Padres,SD,National,West,RP,"6' 5""",200 lbs,,,,,,,Active
4826,Geoff,Hartlieb,Geoff Hartlieb,20,Oakland Athletics,OAK,American,West,RP,"6' 5""",240 lbs,,,,,,,Active
722,Ke'Bryan,Hayes,Ke'Bryan Hayes,7,Cincinnati Reds,CIN,National,Central,3B,"5' 11""",215 lbs,,,,,,,Active
593,Austin,Hays,Austin Hays,23,San Diego Padres,SD,National,West,LF,"5' 10""",200 lbs,,,,,,,Active
765,Brent,Headrick,Brent Headrick,19,New York Yankees,NYY,American,East,RP,"6' 6""",235 lbs,,,,,,,Active
1886,Austin,Hedges,Austin Hedges,8,Cleveland Guardians,CLE,American,Central,C,"6' 0""",220 lbs,,,,,,,Active
122,Jonah,Heim,Jonah Heim,20,Oakland Athletics,OAK,American,West,C,"6' 4""",220 lbs,,,,,,,Active
871,Tyler,Heineman,Tyler Heineman,13,Los Angeles Angels,LAA,American,West,C,"5' 10""",190 lbs,,,,,,,Active
819,Gunnar,Henderson,Gunnar Henderson,3,Baltimore Orioles,BAL,American,East,SS,"6' 3""",230 lbs,,,,,,,Active
596119,Logan,Henderson,Logan Henderson,16,Milwaukee Brewers,MIL,National,Central,SP,"6' 0""",209 lbs,,,,,,,Active
6208,Edgardo,Henriquez,Edgardo Henriquez,14,Los Angeles Dodgers,LAD,National,West,RP,"6' 4""",200 lbs,,,,,,,Active
2977,Sam,Hentges,Sam Hentges,24,San Francisco Giants,SF,National,West,RP,"6' 8""",255 lbs,,,,,,,Active
675,Jimmy,Herget,Jimmy Herget,9,Colorado Rockies,COL,National,West,RP,"6' 3""",183 lbs,,,,,,,Active
537,Darell,Hernaiz,Darell Hernaiz,20,Oakland Athletics,OAK,American,West,SS,"5' 11""",190 lbs,,,,,,,Active
1014,Carlos,Hernandez,Carlos Hernandez,8,Cleveland Guardians,CLE,American,Central,RP,"6' 4""",255 lbs,,,,,,,Active
5190,Elieser,Hernandez,Elieser Hernandez,2,Atlanta Braves,ATL,National,East,RP,"6' 1""",214 lbs,,,,,,,Active
1101,Enrique,Hernandez,Enrique Hernandez,14,Los Angeles Dodgers,LAD,National,West,3B,"5' 10""",195 lbs,,,,,,,Active
1438763,Heriberto,Hernandez,Heriberto Hernandez,15,Miami Marlins,MIA,National,East,LF,"5' 11""",195 lbs,,,,,,,Active
1098,Teoscar,Hernandez,Teoscar Hernandez,14,Los Angeles Dodgers,LAD,National,West,LF,"6' 0""",215 lbs,,,,,,,Active
385,Ivan,Herrera,Ivan Herrera,26,St. Louis Cardinals,STL,National,Central,DH,"5' 11""",220 lbs,,,,,,,Active
795,Tim,Herrin,Tim Herrin,8,Cleveland Guardians,CLE,American,Central,RP,"6' 6""",230 lbs,,,,,,,Active
302,Brewer,Hicklen,Brewer Hicklen,2,Atlanta Braves,ATL,National,East,RF,"6' 2""",215 lbs,,,,,,,Active
861,Jordan,Hicks,Jordan Hicks,6,Chicago White Sox,CHW,American,Central,RP,"6' 2""",217 lbs,,,,,,,Active
12163,Liam,Hicks,Liam Hicks,27,Tampa Bay Rays,TB,American,East,C,"5' 9""",185 lbs,,,,,,,Active
567,Derek,Hill,Derek Hill,21,Philadelphia Phillies,PHI,National,East,CF,"6' 0""",206 lbs,,,,,,,Active
1022,Jaden,Hill,Jaden Hill,9,Colorado Rockies,COL,National,West,RP,"6' 4""",260 lbs,,,,,,,Active
3620,Tim,Hill,Tim Hill,19,New York Yankees,NYY,American,East,RP,"6' 4""",210 lbs,,,,,,,Active
4839197,Turner,Hill,Turner Hill,24,San Francisco Giants,SF,National,West,LF,"5' 10""",198 lbs,,,,,,,Active
852,Nico,Hoerner,Nico Hoerner,5,Chicago Cubs,CHC,National,Central,2B,"5' 11""",200 lbs,,,,,,,Active
4452,Jeff,Hoffman,Jeff Hoffman,17,Minnesota Twins,MIN,American,Central,RP,"6' 5""",235 lbs,,,,,,,Active
2938634,Nolan,Hoffman,Nolan Hoffman,12,Kansas City Royals,KC,American,Central,RP,"6' 4""",190 lbs,,,,,,,Active
571,Colin,Holderman,Colin Holderman,8,Cleveland Guardians,CLE,American,Central,RP,"6' 6""",230 lbs,,,,,,,Active
836,Jackson,Holliday,Jackson Holliday,3,Baltimore Orioles,BAL,American,East,2B,"5' 11""",200 lbs,,,,,,,Active
375,Grant,Holman,Grant Holman,21,Philadelphia Phillies,PHI,National,East,RP,"6' 6""",250 lbs,,,,,,,Active
1123,Clay,Holmes,Clay Holmes,5,Chicago Cubs,CHC,National,Central,SP,"6' 5""",245 lbs,,,,,,,Active
664,Grant,Holmes,Grant Holmes,2,Atlanta Braves,ATL,National,East,SP,"6' 0""",226 lbs,,,,,,,Active
98,Tyler,Holton,Tyler Holton,10,Detroit Tigers,DET,American,Central,RP,"6' 2""",200 lbs,,,,,,,Active
4840048,Alex,Hoppe,Alex Hoppe,3,Baltimore Orioles,BAL,American,East,RP,"6' 1""",200 lbs,,,,,,,Active
962,Spencer,Horwitz,Spencer Horwitz,22,Pittsburgh Pirates,PIT,National,Central,1B,"5' 10""",204 lbs,,,,,,,Active
1756734,Brady,House,Brady House,30,Washington Nationals,WSH,National,East,3B,"6' 4""",208 lbs,,,,,,,Active
1070,Bryan,Hudson,Bryan Hudson,6,Chicago White Sox,CHW,American,Central,RP,"6' 8""",248 lbs,,,,,,,Active
4667686,Gabriel,Hughes,Gabriel Hughes,9,Colorado Rockies,COL,National,West,SP,"6' 4""",238 lbs,,,,,,,Active
6493,Kyle,Hurt,Kyle Hurt,14,Los Angeles Dodgers,LAD,National,West,RP,"6' 3""",240 lbs,,,,,,,Active
667,Raisel,Iglesias,Raisel Iglesias,2,Atlanta Braves,ATL,National,East,RP,"6' 2""",190 lbs,,,,,,,Active
4667758,Tatsuya,Imai,Tatsuya Imai,11,Houston Astros,HOU,American,West,SP,"5' 11""",176 lbs,,,,,,,Active
713,Shota,Imanaga,Shota Imanaga,5,Chicago Cubs,CHC,National,Central,SP,"5' 10""",175 lbs,,,,,,,Active
1692,Cole,Irvin,Cole Irvin,14,Los Angeles Dodgers,LAD,National,West,RP,"6' 4""",225 lbs,,,,,,,Active
926,Jake,Irvin,Jake Irvin,30,Washington Nationals,WSH,National,East,SP,"6' 6""",234 lbs,,,,,,,Active
270,Kyle,Isbel,Kyle Isbel,12,Kansas City Royals,KC,American,Central,CF,"5' 10""",190 lbs,,,,,,,Active
3284,Alex,Jackson,Alex Jackson,17,Minnesota Twins,MIN,American,Central,C,"6' 1""",238 lbs,,,,,,,Active
1464,Danny,Jansen,Danny Jansen,28,Texas Rangers,TEX,American,West,C,"6' 2""",240 lbs,,,,,,,Active
2714,Kenley,Jansen,Kenley Jansen,10,Detroit Tigers,DET,American,Central,RP,"6' 5""",265 lbs,,,,,,,Active
1568,Cristian,Javier,Cristian Javier,11,Houston Astros,HOU,American,West,SP,"6' 1""",210 lbs,,,,,,,Active
786,Griffin,Jax,Griffin Jax,27,Tampa Bay Rays,TB,American,East,SP,"6' 2""",195 lbs,,,,,,,Active
943,Ryan,Jeffers,Ryan Jeffers,17,Minnesota Twins,MIN,American,Central,C,"6' 2""",235 lbs,,,,,,,Active
4941211,Walker,Jenkins,Walker Jenkins,17,Minnesota Twins,MIN,American,Central,CF,"6' 3""",210 lbs,,,,,,,Active
144,Carter,Jensen,Carter Jensen,12,Kansas City Royals,KC,American,Central,C,"6' 0""",210 lbs,,,,,,,Active
974,Leo,Jimenez,Leo Jimenez,15,Miami Marlins,MIA,National,East,3B,"5' 10""",215 lbs,,,,,,,Active
117,Jackson,Jobe,Jackson Jobe,10,Detroit Tigers,DET,American,Central,SP,"6' 2""",190 lbs,,,,,,,Active
4839208,Ivan,Johnson,Ivan Johnson,7,Cincinnati Reds,CIN,National,Central,2B,"6' 0""",190 lbs,,,,,,,Active
692,Pierce,Johnson,Pierce Johnson,7,Cincinnati Reds,CIN,National,Central,RP,"6' 2""",202 lbs,,,,,,,Active
203988,Ryan,Johnson,Ryan Johnson,13,Los Angeles Angels,LAA,American,West,SP,"6' 6""",215 lbs,,,,,,,Active
330,Seth,Johnson,Seth Johnson,20,Oakland Athletics,OAK,American,West,RP,"6' 1""",205 lbs,,,,,,,Active
4964221,Ty,Johnson,Ty Johnson,27,Tampa Bay Rays,TB,American,East,RP,"6' 6""",205 lbs,,,,,,,Active
2563833,Troy,Johnston,Troy Johnston,9,Colorado Rockies,COL,National,West,RF,"5' 11""",206 lbs,,,,,,,Active
4657,Jahmai,Jones,Jahmai Jones,4,Boston Red Sox,BOS,American,East,DH,"5' 10""",210 lbs,,,,,,,Active
580,Jared,Jones,Jared Jones,22,Pittsburgh Pirates,PIT,National,Central,SP,"6' 0""",211 lbs,,,,,,,Active
4668097,Spencer,Jones,Spencer Jones,19,New York Yankees,NYY,American,East,RF,"6' 7""",240 lbs,,,,,,,Active
4838786,Blaze,Jordan,Blaze Jordan,26,St. Louis Cardinals,STL,National,Central,3B,"6' 1""",220 lbs,,,,,,,Active
4839011,Carlos,Jorge,Carlos Jorge,7,Cincinnati Reds,CIN,National,Central,CF,"5' 9""",160 lbs,,,,,,,Active
530,Ben,Joyce,Ben Joyce,13,Los Angeles Angels,LAA,American,West,RP,"6' 5""",225 lbs,,,,,,,Active
840,Corey,Julks,Corey Julks,10,Detroit Tigers,DET,American,Central,LF,"5' 11""",220 lbs,,,,,,,Active
4838842,Gage,Jump,Gage Jump,20,Oakland Athletics,OAK,American,West,SP,"6' 0""",200 lbs,,,,,,,Active
5320,Jakob,Junis,Jakob Junis,28,Texas Rangers,TEX,American,West,RP,"6' 3""",238 lbs,,,,,,,Active
5349,Janson,Junk,Janson Junk,15,Miami Marlins,MIA,National,East,SP,"6' 2""",197 lbs,,,,,,,Active
6032,Anthony,Kay,Anthony Kay,6,Chicago White Sox,CHW,American,Central,SP,"6' 0""",225 lbs,,,,,,,Active
654344,Luke,Keaschall,Luke Keaschall,17,Minnesota Twins,MIN,American,Central,2B,"6' 0""",190 lbs,,,,,,,Active
246,Colt,Keith,Colt Keith,10,Detroit Tigers,DET,American,Central,3B,"6' 2""",211 lbs,,,,,,,Active
1350,Carson,Kelly,Carson Kelly,5,Chicago Cubs,CHC,National,Central,C,"6' 1""",212 lbs,,,,,,,Active
923,Kevin,Kelly,Kevin Kelly,27,Tampa Bay Rays,TB,American,East,RP,"6' 2""",195 lbs,,,,,,,Active
13,Merrill,Kelly,Merrill Kelly,1,Arizona Diamondbacks,ARI,National,West,SP,"6' 2""",210 lbs,,,,,,,Active
5909569,Jackson,Kent,Jackson Kent,30,Washington Nationals,WSH,National,East,SP,"6' 3""",219 lbs,,,,,,,Active
1934,Max,Kepler,Max Kepler,1,Arizona Diamondbacks,ARI,National,West,LF,"6' 4""",225 lbs,,,,,,,Active
340,Orion,Kerkering,Orion Kerkering,21,Philadelphia Phillies,PHI,National,East,RP,"6' 2""",204 lbs,,,,,,,Active
4806,Ray,Kerr,Ray Kerr,2,Atlanta Braves,ATL,National,East,RP,"6' 3""",185 lbs,,,,,,,Active
4933664,Sean,Keys,Sean Keys,29,Toronto Blue Jays,TOR,American,East,DH,"6' 1""",232 lbs,,,,,,,Active
1727,Yusei,Kikuchi,Yusei Kikuchi,13,Los Angeles Angels,LAA,American,West,SP,"6' 0""",210 lbs,,,,,,,Active
406,Ha-Seong,Kim,Ha-Seong Kim,2,Atlanta Braves,ATL,National,East,SS,"5' 10""",200 lbs,,,,,,,Active
2627,Craig,Kimbrel,Craig Kimbrel,12,Kansas City Royals,KC,American,Central,RP,"6' 0""",215 lbs,,,,,,,Active
737,Isiah,Kiner-Falefa,Isiah Kiner-Falefa,4,Boston Red Sox,BOS,American,East,2B,"5' 10""",195 lbs,,,,,,,Active
438,Bryan,King,Bryan King,11,Houston Astros,HOU,American,West,RP,"6' 1""",205 lbs,,,,,,,Active
291,Michael,King,Michael King,23,San Diego Padres,SD,National,West,SP,"6' 3""",210 lbs,,,,,,,Active
1045,Tyler,Kinley,Tyler Kinley,10,Detroit Tigers,DET,American,Central,RP,"6' 4""",220 lbs,,,,,,,Active
418,George,Kirby,George Kirby,25,Seattle Mariners,SEA,American,West,SP,"6' 4""",215 lbs,,,,,,,Active
884,Alejandro,Kirk,Alejandro Kirk,29,Toronto Blue Jays,TOR,American,East,C,"5' 8""",245 lbs,,,,,,,Active
1503,Andrew,Kittredge,Andrew Kittredge,3,Baltimore Orioles,BAL,American,East,RP,"6' 1""",235 lbs,,,,,,,Active
930,Heston,Kjerstad,Heston Kjerstad,3,Baltimore Orioles,BAL,American,East,LF,"6' 2""",215 lbs,,,,,,,Active
4839682,George,Klassen,George Klassen,13,Los Angeles Angels,LAA,American,West,SP,"6' 2""",195 lbs,,,,,,,Active
2919,Andrew,Knizner,Andrew Knizner,24,San Francisco Giants,SF,National,West,C,"6' 0""",225 lbs,,,,,,,Active
226502,Christian,Koss,Christian Koss,24,San Francisco Giants,SF,National,West,3B,"6' 1""",185 lbs,,,,,,,Active
227,Max,Kranick,Max Kranick,30,Washington Nationals,WSH,National,East,RP,"6' 3""",220 lbs,,,,,,,Active
249,Ryan,Kreidler,Ryan Kreidler,17,Minnesota Twins,MIN,American,Central,SS,"6' 3""",208 lbs,,,,,,,Active
685,Dean,Kremer,Dean Kremer,17,Minnesota Twins,MIN,American,Central,SP,"6' 2""",210 lbs,,,,,,,Active
936,Joel,Kuhnel,Joel Kuhnel,24,San Francisco Giants,SF,National,West,RP,"6' 5""",290 lbs,,,,,,,Active
1007,Steven,Kwan,Steven Kwan,8,Cleveland Guardians,CLE,American,Central,LF,"5' 8""",170 lbs,,,,,,,Active
2402,Peter,Lambert,Peter Lambert,11,Houston Astros,HOU,American,West,SP,"6' 2""",208 lbs,,,,,,,Active
132,Alex,Lange,Alex Lange,12,Kansas City Royals,KC,American,Central,RP,"6' 3""",202 lbs,,,,,,,Active
268,Wyatt,Langford,Wyatt Langford,28,Texas Rangers,TEX,American,West,LF,"6' 0""",225 lbs,,,,,,,Active
4838816,Luis,Lara,Luis Lara,16,Milwaukee Brewers,MIL,National,Central,RF,"5' 7""",169 lbs,,,,,,,Active
1054,Trevor,Larnach,Trevor Larnach,17,Minnesota Twins,MIN,American,Central,LF,"6' 3""",223 lbs,,,,,,,Active
1058,Jacob,Latz,Jacob Latz,28,Texas Rangers,TEX,American,West,RP,"6' 2""",185 lbs,,,,,,,Active
5437,Eric,Lauer,Eric Lauer,14,Los Angeles Dodgers,LAD,National,West,SP,"6' 3""",209 lbs,,,,,,,Active
4840211,Nate,Lavender,Nate Lavender,18,New York Mets,NYM,National,East,RP,"6' 2""",215 lbs,,,,,,,Active
951,Derek,Law,Derek Law,1,Arizona Diamondbacks,ARI,National,West,RP,"6' 3""",225 lbs,,,,,,,Active
18,Jordan,Lawlar,Jordan Lawlar,1,Arizona Diamondbacks,ARI,National,West,CF,"6' 0""",195 lbs,,,,,,,Active
233,Kyle,Leahy,Kyle Leahy,26,St. Louis Cardinals,STL,National,Central,SP,"6' 5""",225 lbs,,,,,,,Active
1000,Brooks,Lee,Brooks Lee,17,Minnesota Twins,MIN,American,Central,3B,"6' 0""",205 lbs,,,,,,,Active
703,Dylan,Lee,Dylan Lee,2,Atlanta Braves,ATL,National,East,RP,"6' 3""",214 lbs,,,,,,,Active
4667735,Hao-Yu,Lee,Hao-Yu Lee,10,Detroit Tigers,DET,American,Central,2B,"5' 9""",190 lbs,,,,,,,Active
4841,Jung Hoo,Lee,Jung Hoo Lee,24,San Francisco Giants,SF,National,West,RF,"6' 0""",196 lbs,,,,,,,Active
595,Casey,Legumina,Casey Legumina,27,Tampa Bay Rays,TB,American,East,RP,"6' 2""",195 lbs,,,,,,,Active
1010,Royce,Lewis,Royce Lewis,17,Minnesota Twins,MIN,American,Central,1B,"6' 0""",200 lbs,,,,,,,Active
240,Matthew,Liberatore,Matthew Liberatore,26,St. Louis Cardinals,STL,National,Central,SP,"6' 4""",215 lbs,,,,,,,Active
1305539,Daylen,Lile,Daylen Lile,30,Washington Nationals,WSH,National,East,LF,"5' 11""",195 lbs,,,,,,,Active
372,Francisco,Lindor,Francisco Lindor,18,New York Mets,NYM,National,East,SS,"5' 10""",190 lbs,,,,,,,Active
763,Brendon,Little,Brendon Little,29,Toronto Blue Jays,TOR,American,East,RP,"6' 2""",195 lbs,,,,,,,Active
3618,Jonathan,Loaisiga,Jonathan Loaisiga,1,Arizona Diamondbacks,ARI,National,West,RP,"5' 11""",195 lbs,,,,,,,Active
606,Nick,Lodolo,Nick Lodolo,7,Cincinnati Reds,CIN,National,Central,SP,"6' 6""",216 lbs,,,,,,,Active
188,Nick,Loftin,Nick Loftin,12,Kansas City Royals,KC,American,Central,3B,"5' 11""",180 lbs,,,,,,,Active
4838771,George,Lombard Jr.,George Lombard Jr.,19,New York Yankees,NYY,American,East,SS,"6' 2""",190 lbs,,,,,,,Active
4839047,Seth,Lonsway,Seth Lonsway,24,San Francisco Giants,SF,National,West,RP,"6' 0""",206 lbs,,,,,,,Active
949,Jacob,Lopez,Jacob Lopez,20,Oakland Athletics,OAK,American,West,SP,"6' 4""",220 lbs,,,,,,,Active
711,Nicky,Lopez,Nicky Lopez,28,Texas Rangers,TEX,American,West,2B,"5' 10""",186 lbs,,,,,,,Active
510,Otto,Lopez,Otto Lopez,15,Miami Marlins,MIA,National,East,SS,"5' 10""",185 lbs,,,,,,,Active
228464,Brad,Lord,Brad Lord,30,Washington Nationals,WSH,National,East,RP,"6' 3""",210 lbs,,,,,,,Active
2293,Michael,Lorenzen,Michael Lorenzen,29,Toronto Blue Jays,TOR,American,East,SP,"6' 1""",210 lbs,,,,,,,Active
621,Rhett,Lowder,Rhett Lowder,7,Cincinnati Reds,CIN,National,Central,SP,"6' 1""",200 lbs,,,,,,,Active
105,Brandon,Lowe,Brandon Lowe,22,Pittsburgh Pirates,PIT,National,Central,2B,"5' 9""",181 lbs,,,,,,,Active
196,Josh,Lowe,Josh Lowe,13,Los Angeles Angels,LAA,American,West,LF,"6' 3""",220 lbs,,,,,,,Active
195,Nathaniel,Lowe,Nathaniel Lowe,8,Cleveland Guardians,CLE,American,Central,1B,"6' 4""",220 lbs,,,,,,,Active
12453,Matthew,Lugo,Matthew Lugo,12,Kansas City Royals,KC,American,Central,LF,"6' 0""",190 lbs,,,,,,,Active
1035,Seth,Lugo,Seth Lugo,12,Kansas City Royals,KC,American,Central,SP,"6' 4""",225 lbs,,,,,,,Active
1024,Nathan,Lukes,Nathan Lukes,29,Toronto Blue Jays,TOR,American,East,RF,"5' 11""",180 lbs,,,,,,,Active
5113,Jesus,Luzardo,Jesus Luzardo,21,Philadelphia Phillies,PHI,National,East,SP,"6' 0""",218 lbs,,,,,,,Active
1039,Daniel,Lynch IV,Daniel Lynch IV,12,Kansas City Royals,KC,American,Central,RP,"6' 6""",200 lbs,,,,,,,Active
412,Manny,Machado,Manny Machado,23,San Diego Padres,SD,National,West,3B,"6' 2""",218 lbs,,,,,,,Active
1733,Vimael,Machin,Vimael Machin,9,Colorado Rockies,COL,National,West,SS,"5' 10""",196 lbs,,,,,,,Active
4667318,Joe,Mack,Joe Mack,15,Miami Marlins,MIA,National,East,C,"6' 0""",210 lbs,,,,,,,Active
799,Adam,Macko,Adam Macko,28,Texas Rangers,TEX,American,West,RP,"6' 0""",170 lbs,,,,,,,Active
4100,Tyler,Mahle,Tyler Mahle,2,Atlanta Braves,ATL,National,East,SP,"6' 3""",212 lbs,,,,,,,Active
2589,Luke,Maile,Luke Maile,12,Kansas City Royals,KC,American,Central,C,"6' 3""",225 lbs,,,,,,,Active
4839069,Ben,Malgeri,Ben Malgeri,10,Detroit Tigers,DET,American,Central,RF,"6' 1""",215 lbs,,,,,,,Active
239,Sean,Manaea,Sean Manaea,18,New York Mets,NYM,National,East,RP,"6' 5""",245 lbs,,,,,,,Active
4934950,Mark,Manfredi,Mark Manfredi,9,Colorado Rockies,COL,National,West,RP,"6' 4""",210 lbs,,,,,,,Active
12949,Jake,Mangum,Jake Mangum,22,Pittsburgh Pirates,PIT,National,Central,CF,"5' 11""",191 lbs,,,,,,,Active
25,Joe,Mantiply,Joe Mantiply,29,Toronto Blue Jays,TOR,American,East,RP,"6' 4""",219 lbs,,,,,,,Active
475,Rafael,Marchan,Rafael Marchan,21,Philadelphia Phillies,PHI,National,East,C,"5' 9""",170 lbs,,,,,,,Active
2618564,Jakob,Marsee,Jakob Marsee,15,Miami Marlins,MIA,National,East,CF,"6' 0""",180 lbs,,,,,,,Active
608,Brandon,Marsh,Brandon Marsh,21,Philadelphia Phillies,PHI,National,East,LF,"6' 2""",215 lbs,,,,,,,Active
22,Ketel,Marte,Ketel Marte,1,Arizona Diamondbacks,ARI,National,West,2B,"6' 0""",210 lbs,,,,,,,Active
5989672,Yunior,Marte,Yunior Marte,24,San Francisco Giants,SF,National,West,P,,,,,,,,,Active
5989673,Yunior,Marte,Yunior Marte,24,San Francisco Giants,SF,National,West,SP,"6' 6""",236 lbs,,,,,,,Active
618,Davis,Martin,Davis Martin,6,Chicago White Sox,CHW,American,Central,SP,"6' 2""",215 lbs,,,,,,,Active
4839270,Trevor,Martin,Trevor Martin,13,Los Angeles Angels,LAA,American,West,RP,"6' 5""",238 lbs,,,,,,,Active
1018,Angel,Martinez,Angel Martinez,8,Cleveland Guardians,CLE,American,Central,LF,"5' 11""",200 lbs,,,,,,,Active
6,Justin,Martinez,Justin Martinez,1,Arizona Diamondbacks,ARI,National,West,RP,"6' 3""",225 lbs,,,,,,,Active
626,Nick,Martinez,Nick Martinez,27,Tampa Bay Rays,TB,American,East,SP,"6' 1""",200 lbs,,,,,,,Active
204,Michael,Massey,Michael Massey,12,Kansas City Royals,KC,American,Central,2B,"6' 0""",195 lbs,,,,,,,Active
1311,Jorge,Mateo,Jorge Mateo,27,Tampa Bay Rays,TB,American,East,SS,"6' 0""",200 lbs,,,,,,,Active
4839621,Quinn,Mathews,Quinn Mathews,26,St. Louis Cardinals,STL,National,Central,SP,"6' 5""",188 lbs,,,,,,,Active
303,Yuki,Matsui,Yuki Matsui,23,San Diego Padres,SD,National,West,RP,"5' 8""",165 lbs,,,,,,,Active
816,Zebby,Matthews,Zebby Matthews,17,Minnesota Twins,MIN,American,Central,SP,"6' 5""",225 lbs,,,,,,,Active
589,Isaac,Mattson,Isaac Mattson,22,Pittsburgh Pirates,PIT,National,Central,RP,"6' 2""",214 lbs,,,,,,,Active
262,Steven,Matz,Steven Matz,27,Tampa Bay Rays,TB,American,East,SP,"6' 2""",205 lbs,,,,,,,Active
4667165,Brycen,Mautz,Brycen Mautz,26,St. Louis Cardinals,STL,National,Central,RP,"6' 3""",190 lbs,,,,,,,Active
6133,Dustin,May,Dustin May,16,Milwaukee Brewers,MIL,National,Central,SP,"6' 6""",180 lbs,,,,,,,Active
848,Coby,Mayo,Coby Mayo,3,Baltimore Orioles,BAL,American,East,3B,"6' 5""",225 lbs,,,,,,,Active
421,Tim,Mayza,Tim Mayza,21,Philadelphia Phillies,PHI,National,East,RP,"6' 3""",215 lbs,,,,,,,Active
4838829,Charles,McAdoo,Charles McAdoo,29,Toronto Blue Jays,TOR,American,East,2B,"6' 0""",210 lbs,,,,,,,Active
1266,James,McCann,James McCann,1,Arizona Diamondbacks,ARI,National,West,C,"6' 2""",235 lbs,,,,,,,Active
17,Jake,McCarthy,Jake McCarthy,9,Colorado Rockies,COL,National,West,LF,"6' 0""",213 lbs,,,,,,,Active
4556,Shane,McClanahan,Shane McClanahan,27,Tampa Bay Rays,TB,American,East,SP,"6' 3""",210 lbs,,,,,,,Active
133,Grant,McCray,Grant McCray,24,San Francisco Giants,SF,National,West,CF,"6' 1""",195 lbs,,,,,,,Active
4668114,Alex,McFarlane,Alex McFarlane,21,Philadelphia Phillies,PHI,National,East,SP,"6' 3""",215 lbs,,,,,,,Active
10283,Easton,McGee,Easton McGee,12,Kansas City Royals,KC,American,Central,RP,"6' 7""",222 lbs,,,,,,,Active
4838703,Kevin,McGonigle,Kevin McGonigle,10,Detroit Tigers,DET,American,Central,SS,"5' 9""",187 lbs,,,,,,,Active
275,Michael,McGreevy,Michael McGreevy,26,St. Louis Cardinals,STL,National,Central,SP,"6' 4""",220 lbs,,,,,,,Active
283,Zach,McKinstry,Zach McKinstry,10,Detroit Tigers,DET,American,Central,RF,"5' 11""",180 lbs,,,,,,,Active
791,Matt,McLain,Matt McLain,7,Cincinnati Reds,CIN,National,Central,2B,"5' 8""",180 lbs,,,,,,,Active
2899770,Nolan,McLean,Nolan McLean,18,New York Mets,NYM,National,East,SP,"6' 2""",214 lbs,,,,,,,Active
123,Ryan,McMahon,Ryan McMahon,19,New York Yankees,NYY,American,East,3B,"6' 2""",211 lbs,,,,,,,Active
378,Jeff,McNeil,Jeff McNeil,20,Oakland Athletics,OAK,American,West,2B,"6' 0""",195 lbs,,,,,,,Active
145,Wade,Meckler,Wade Meckler,13,Los Angeles Angels,LAA,American,West,LF,"5' 9""",190 lbs,,,,,,,Active
542,Victor,Mederos,Victor Mederos,2,Atlanta Braves,ATL,National,East,RP,"6' 2""",222 lbs,,,,,,,Active
404,Luis,Medina,Luis Medina,20,Oakland Athletics,OAK,American,West,RP,"6' 1""",175 lbs,,,,,,,Active
60,Trevor,Megill,Trevor Megill,16,Milwaukee Brewers,MIL,National,Central,RP,"6' 8""",253 lbs,,,,,,,Active
519799,Chase,Meidroth,Chase Meidroth,6,Chicago White Sox,CHW,American,Central,2B,"5' 9""",190 lbs,,,,,,,Active
1063,Juan,Mejia,Juan Mejia,9,Colorado Rockies,COL,National,West,RP,"6' 3""",210 lbs,,,,,,,Active
2419430,Troy,Melton,Troy Melton,10,Detroit Tigers,DET,American,Central,SP,"6' 4""",210 lbs,,,,,,,Active
480,Jackson,Merrill,Jackson Merrill,23,San Diego Padres,SD,National,West,CF,"6' 2""",195 lbs,,,,,,,Active
573,Victor,Mesa Jr.,Victor Mesa Jr.,27,Tampa Bay Rays,TB,American,East,RF,"5' 11""",195 lbs,,,,,,,Active
2975881,Parker,Messick,Parker Messick,8,Cleveland Guardians,CLE,American,Central,SP,"6' 0""",225 lbs,,,,,,,Active
891642,Luis,Mey,Luis Mey,7,Cincinnati Reds,CIN,National,Central,RP,"6' 5""",235 lbs,,,,,,,Active
668,Jake,Meyers,Jake Meyers,11,Houston Astros,HOU,American,West,CF,"6' 0""",200 lbs,,,,,,,Active
4941185,Spencer,Miles,Spencer Miles,29,Toronto Blue Jays,TOR,American,East,RP,"6' 3""",180 lbs,,,,,,,Active
5288,Bobby,Miller,Bobby Miller,14,Los Angeles Dodgers,LAD,National,West,SP,"6' 5""",220 lbs,,,,,,,Active
437,Bryce,Miller,Bryce Miller,25,Seattle Mariners,SEA,American,West,SP,"6' 2""",200 lbs,,,,,,,Active
877,Erik,Miller,Erik Miller,4,Boston Red Sox,BOS,American,East,RP,"6' 5""",269 lbs,,,,,,,Active
422,Mason,Miller,Mason Miller,23,San Diego Padres,SD,National,West,RP,"6' 5""",200 lbs,,,,,,,Active
62,Hoby,Milner,Hoby Milner,25,Seattle Mariners,SEA,American,West,RP,"6' 3""",187 lbs,,,,,,,Active
2967,A.J.,Minter,A.J. Minter,17,Minnesota Twins,MIN,American,Central,RP,"6' 0""",215 lbs,,,,,,,Active
1680889,Jacob,Misiorowski,Jacob Misiorowski,16,Milwaukee Brewers,MIL,National,Central,SP,"6' 7""",201 lbs,,,,,,,Active
318,Garrett,Mitchell,Garrett Mitchell,16,Milwaukee Brewers,MIL,National,Central,CF,"6' 2""",229 lbs,,,,,,,Active
159,Casey,Mize,Casey Mize,23,San Diego Padres,SD,National,West,SP,"6' 3""",212 lbs,,,,,,,Active
602,Carmen,Mlodzinski,Carmen Mlodzinski,22,Pittsburgh Pirates,PIT,National,Central,RP,"6' 2""",210 lbs,,,,,,,Active
1064,Anthony,Molina,Anthony Molina,24,San Francisco Giants,SF,National,West,RP,"6' 1""",170 lbs,,,,,,,Active
636,Sam,Moll,Sam Moll,7,Cincinnati Reds,CIN,National,Central,RP,"5' 9""",190 lbs,,,,,,,Active
256,Andruw,Monasterio,Andruw Monasterio,4,Boston Red Sox,BOS,American,East,SS,"5' 11""",195 lbs,,,,,,,Active
770,Mickey,Moniak,Mickey Moniak,9,Colorado Rockies,COL,National,West,LF,"6' 1""",209 lbs,,,,,,,Active
163,Keider,Montero,Keider Montero,10,Detroit Tigers,DET,American,Central,SP,"6' 1""",145 lbs,,,,,,,Active
4838714,Lazaro,Montes,Lazaro Montes,25,Seattle Mariners,SEA,American,West,RF,"6' 5""",250 lbs,,,,,,,Active
667834,Patrick,Monteverde,Patrick Monteverde,15,Miami Marlins,MIA,National,East,RP,"6' 2""",200 lbs,,,,,,,Active
4838836,Braden,Montgomery,Braden Montgomery,6,Chicago White Sox,CHW,American,Central,RF,"6' 2""",220 lbs,,,,,,,Active
2094850,Colson,Montgomery,Colson Montgomery,6,Chicago White Sox,CHW,American,Central,SS,"6' 3""",230 lbs,,,,,,,Active
33,Jordan,Montgomery,Jordan Montgomery,28,Texas Rangers,TEX,American,West,SP,"6' 6""",228 lbs,,,,,,,Active
978,Mason,Montgomery,Mason Montgomery,22,Pittsburgh Pirates,PIT,National,Central,RP,"6' 2""",205 lbs,,,,,,,Active
1701171,Christian,Moore,Christian Moore,13,Los Angeles Angels,LAA,American,West,2B,"6' 0""",210 lbs,,,,,,,Active
4668057,Nick,Morabito,Nick Morabito,18,New York Mets,NYM,National,East,LF,"5' 10""",185 lbs,,,,,,,Active
4839146,Yohandy,Morales,Yohandy Morales,30,Washington Nationals,WSH,National,East,1B,"6' 3""",225 lbs,,,,,,,Active
4849,Jovani,Moran,Jovani Moran,4,Boston Red Sox,BOS,American,East,RP,"6' 1""",167 lbs,,,,,,,Active
319,Adrian,Morejon,Adrian Morejon,23,San Diego Padres,SD,National,West,RP,"5' 11""",224 lbs,,,,,,,Active
126,Christopher,Morel,Christopher Morel,18,New York Mets,NYM,National,East,1B,"6' 0""",200 lbs,,,,,,,Active
3,Gabriel,Moreno,Gabriel Moreno,1,Arizona Diamondbacks,ARI,National,West,C,"5' 9""",200 lbs,,,,,,,Active
819402,David,Morgan,David Morgan,23,San Diego Padres,SD,National,West,RP,"6' 0""",185 lbs,,,,,,,Active
4840565,Zachary,Morgan,Zachary Morgan,24,San Francisco Giants,SF,National,West,C,"5' 11""",202 lbs,,,,,,,Active
668631,Juan,Morillo,Juan Morillo,1,Arizona Diamondbacks,ARI,National,West,RP,"6' 1""",215 lbs,,,,,,,Active
5578639,Andrew,Morris,Andrew Morris,17,Minnesota Twins,MIN,American,Central,RP,"6' 0""",195 lbs,,,,,,,Active
4839148,Kade,Morris,Kade Morris,20,Oakland Athletics,OAK,American,West,SP,"6' 3""",190 lbs,,,,,,,Active
932,Cedric,Mullins,Cedric Mullins,27,Tampa Bay Rays,TB,American,East,CF,"5' 7""",175 lbs,,,,,,,Active
142,Max,Muncy,Max Muncy,14,Los Angeles Dodgers,LAD,National,West,3B,"5' 10""",215 lbs,,,,,,,Active
241414,Max,Muncy,Max Muncy,20,Oakland Athletics,OAK,American,West,3B,"6' 0""",180 lbs,,,,,,,Active
442,Andres,Munoz,Andres Munoz,25,Seattle Mariners,SEA,American,West,RP,"6' 2""",222 lbs,,,,,,,Active
4667586,Munetaka,Murakami,Munetaka Murakami,6,Chicago White Sox,CHW,American,Central,1B,"6' 2""",213 lbs,,,,,,,Active
12630,Noah,Murdock,Noah Murdock,22,Pittsburgh Pirates,PIT,National,Central,SP,"6' 8""",234 lbs,,,,,,,Active
4839334,Luke,Murphy,Luke Murphy,13,Los Angeles Angels,LAA,American,West,SP,"6' 5""",190 lbs,,,,,,,Active
809,Sean,Murphy,Sean Murphy,2,Atlanta Braves,ATL,National,East,C,"6' 3""",228 lbs,,,,,,,Active
4838955,B.J.,Murray Jr.,B.J. Murray Jr.,5,Chicago Cubs,CHC,National,Central,3B,"5' 11""",205 lbs,,,,,,,Active
592,Dane,Myers,Dane Myers,7,Cincinnati Reds,CIN,National,Central,CF,"6' 0""",205 lbs,,,,,,,Active
814,Tommy,Nance,Tommy Nance,17,Minnesota Twins,MIN,American,Central,RP,"6' 6""",235 lbs,,,,,,,Active
7670,Carlos,Narvaez,Carlos Narvaez,3,Baltimore Orioles,BAL,American,East,C,"5' 11""",190 lbs,,,,,,,Active
4839193,Samy,Natera Jr.,Samy Natera Jr.,13,Los Angeles Angels,LAA,American,West,RP,"6' 4""",230 lbs,,,,,,,Active
11481,Brian,Navarreto,Brian Navarreto,15,Miami Marlins,MIA,National,East,C,"6' 1""",233 lbs,,,,,,,Active
893,Bo,Naylor,Bo Naylor,16,Milwaukee Brewers,MIL,National,Central,C,"5' 9""",205 lbs,,,,,,,Active
961,Josh,Naylor,Josh Naylor,25,Seattle Mariners,SEA,American,West,1B,"5' 10""",235 lbs,,,,,,,Active
670,Zach,Neto,Zach Neto,13,Los Angeles Angels,LAA,American,West,SS,"5' 11""",185 lbs,,,,,,,Active
2274,Sean,Newcomb,Sean Newcomb,6,Chicago White Sox,CHW,American,Central,RP,"6' 5""",255 lbs,,,,,,,Active
424,Brandon,Nimmo,Brandon Nimmo,28,Texas Rangers,TEX,American,West,RF,"6' 1""",206 lbs,,,,,,,Active
373,Aaron,Nola,Aaron Nola,21,Philadelphia Phillies,PHI,National,East,SP,"6' 2""",200 lbs,,,,,,,Active
500,Lars,Nootbaar,Lars Nootbaar,1,Arizona Diamondbacks,ARI,National,West,DH,"6' 1""",205 lbs,,,,,,,Active
520,Connor,Norby,Connor Norby,9,Colorado Rockies,COL,National,West,2B,"5' 10""",180 lbs,,,,,,,Active
4667192,Anthony,Nunez,Anthony Nunez,3,Baltimore Orioles,BAL,American,East,RP,"6' 2""",220 lbs,,,,,,,Active
259,Dedniel,Nunez,Dedniel Nunez,18,New York Mets,NYM,National,East,RP,"6' 2""",180 lbs,,,,,,,Active
164,Nasim,Nunez,Nasim Nunez,30,Washington Nationals,WSH,National,East,2B,"5' 8""",165 lbs,,,,,,,Active
289,Riley,O'Brien,Riley O'Brien,26,St. Louis Cardinals,STL,National,Central,RP,"6' 4""",180 lbs,,,,,,,Active
631,Logan,O'Hoppe,Logan O'Hoppe,28,Texas Rangers,TEX,American,West,DH,"6' 2""",225 lbs,,,,,,,Active
832,Bailey,Ober,Bailey Ober,17,Minnesota Twins,MIN,American,Central,SP,"6' 9""",260 lbs,,,,,,,Active
208,Shohei,Ohtani,Shohei Ohtani,14,Los Angeles Dodgers,LAD,National,West,DH,"6' 4""",210 lbs,,,,,,,Active
4668445,Kazuma,Okamoto,Kazuma Okamoto,29,Toronto Blue Jays,TOR,American,East,3B,"6' 1""",220 lbs,,,,,,,Active
2833,Steven,Okert,Steven Okert,11,Houston Astros,HOU,American,West,RP,"6' 2""",202 lbs,,,,,,,Active
4840398,Wyatt,Olds,Wyatt Olds,4,Boston Red Sox,BOS,American,East,RP,"6' 0""",183 lbs,,,,,,,Active
856,Matt,Olson,Matt Olson,2,Atlanta Braves,ATL,National,East,1B,"6' 4""",225 lbs,,,,,,,Active
4668405,Abimelec,Ortiz,Abimelec Ortiz,30,Washington Nationals,WSH,National,East,1B,"5' 10""",230 lbs,,,,,,,Active
260,Joey,Ortiz,Joey Ortiz,16,Milwaukee Brewers,MIL,National,Central,SS,"5' 10""",192 lbs,,,,,,,Active
5189,Cristian,Pache,Cristian Pache,18,New York Mets,NYM,National,East,OF,"6' 2""",215 lbs,,,,,,,Active
4787838,Jedixson,Paez,Jedixson Paez,4,Boston Red Sox,BOS,American,East,RP,"6' 1""",170 lbs,,,,,,,Active
648,Emilio,Pagan,Emilio Pagan,7,Cincinnati Reds,CIN,National,Central,RP,"6' 2""",208 lbs,,,,,,,Active
396,Pedro,Pages,Pedro Pages,26,St. Louis Cardinals,STL,National,Central,C,"5' 11""",245 lbs,,,,,,,Active
4668116,Andrew,Painter,Andrew Painter,21,Philadelphia Phillies,PHI,National,East,SP,"6' 7""",215 lbs,,,,,,,Active
129,Richie,Palacios,Richie Palacios,27,Tampa Bay Rays,TB,American,East,2B,"5' 8""",185 lbs,,,,,,,Active
744,Daniel,Palencia,Daniel Palencia,5,Chicago Cubs,CHC,National,Central,RP,"5' 11""",160 lbs,,,,,,,Active
293,Andre,Pallante,Andre Pallante,26,St. Louis Cardinals,STL,National,Central,SP,"6' 0""",215 lbs,,,,,,,Active
883,Isaac,Paredes,Isaac Paredes,11,Houston Astros,HOU,American,West,3B,"5' 11""",213 lbs,,,,,,,Active
674,Kyren,Paris,Kyren Paris,13,Los Angeles Angels,LAA,American,West,2B,"5' 10""",180 lbs,,,,,,,Active
214,Vinnie,Pasquantino,Vinnie Pasquantino,12,Kansas City Royals,KC,American,Central,1B,"6' 3""",245 lbs,,,,,,,Active
240474,Chad,Patrick,Chad Patrick,16,Milwaukee Brewers,MIL,National,Central,RP,"6' 1""",217 lbs,,,,,,,Active
523,Graham,Pauley,Graham Pauley,15,Miami Marlins,MIA,National,East,3B,"6' 1""",200 lbs,,,,,,,Active
758,Nate,Pearson,Nate Pearson,12,Kansas City Royals,KC,American,Central,RP,"6' 6""",255 lbs,,,,,,,Active
4933662,John,Peck,John Peck,10,Detroit Tigers,DET,American,Central,SS,"6' 0""",185 lbs,,,,,,,Active
5942046,Ethan,Pecko,Ethan Pecko,11,Houston Astros,HOU,American,West,SP,"6' 2""",195 lbs,,,,,,,Active
8,Joc,Pederson,Joc Pederson,28,Texas Rangers,TEX,American,West,DH,"6' 1""",220 lbs,,,,,,,Active
565,Jeremy,Pena,Jeremy Pena,11,Houston Astros,HOU,American,West,SS,"6' 0""",202 lbs,,,,,,,Active
4839315,Ben,Peoples,Ben Peoples,28,Texas Rangers,TEX,American,West,RP,"6' 1""",175 lbs,,,,,,,Active
338,Luis,Perales,Luis Perales,30,Washington Nationals,WSH,National,East,RP,"6' 0""",160 lbs,,,,,,,Active
114,Freddy,Peralta,Freddy Peralta,27,Tampa Bay Rays,TB,American,East,SP,"6' 0""",198 lbs,,,,,,,Active
632,Sammy,Peralta,Sammy Peralta,13,Los Angeles Angels,LAA,American,West,RP,"6' 1""",214 lbs,,,,,,,Active
333,Wandy,Peralta,Wandy Peralta,23,San Diego Padres,SD,National,West,RP,"6' 0""",227 lbs,,,,,,,Active
4775,Oswald,Peraza,Oswald Peraza,13,Los Angeles Angels,LAA,American,West,2B,"5' 11""",200 lbs,,,,,,,Active
6003361,Cesar,Perdomo,Cesar Perdomo,24,San Francisco Giants,SF,National,West,RP,"5' 10""",219 lbs,,,,,,,Active
5,Geraldo,Perdomo,Geraldo Perdomo,1,Arizona Diamondbacks,ARI,National,West,SS,"6' 2""",210 lbs,,,,,,,Active
440,Jhonny,Pereda,Jhonny Pereda,25,Seattle Mariners,SEA,American,West,C,"6' 1""",202 lbs,,,,,,,Active
5874,Eury,Perez,Eury Perez,15,Miami Marlins,MIA,National,East,SP,"6' 8""",220 lbs,,,,,,,Active
2191,Martin,Perez,Martin Perez,2,Atlanta Braves,ATL,National,East,SP,"6' 0""",210 lbs,,,,,,,Active
150,Salvador,Perez,Salvador Perez,12,Kansas City Royals,KC,American,Central,DH,"6' 2""",255 lbs,,,,,,,Active
1867296,Jack,Perkins,Jack Perkins,20,Oakland Athletics,OAK,American,West,RP,"6' 1""",220 lbs,,,,,,,Active
2752091,Tristan,Peters,Tristan Peters,6,Chicago White Sox,CHW,American,Central,CF,"6' 0""",180 lbs,,,,,,,Active
363,Michael,Petersen,Michael Petersen,15,Miami Marlins,MIA,National,East,RP,"6' 7""",195 lbs,,,,,,,Active
4768006,Austin,Peterson,Austin Peterson,8,Cleveland Guardians,CLE,American,Central,SP,"6' 6""",234 lbs,,,,,,,Active
279,David,Peterson,David Peterson,5,Chicago Cubs,CHC,National,Central,SP,"6' 6""",240 lbs,,,,,,,Active
21,Brandon,Pfaadt,Brandon Pfaadt,1,Arizona Diamondbacks,ARI,National,West,RP,"6' 4""",220 lbs,,,,,,,Active
1263,Tommy,Pham,Tommy Pham,6,Chicago White Sox,CHW,American,Central,LF,"6' 1""",225 lbs,,,,,,,Active
4162,Evan,Phillips,Evan Phillips,14,Los Angeles Dodgers,LAD,National,West,RP,"6' 2""",215 lbs,,,,,,,Active
389,Tyler,Phillips,Tyler Phillips,15,Miami Marlins,MIA,National,East,RP,"6' 5""",225 lbs,,,,,,,Active
4839093,Andrew,Pinckney,Andrew Pinckney,30,Washington Nationals,WSH,National,East,LF,"6' 4""",215 lbs,,,,,,,Active
1926928,Jonathan,Pintaro,Jonathan Pintaro,18,New York Mets,NYM,National,East,RP,"6' 2""",235 lbs,,,,,,,Active
4838770,Kenny,Piper,Kenny Piper,27,Tampa Bay Rays,TB,American,East,C,"5' 10""",190 lbs,,,,,,,Active
729,Cade,Povich,Cade Povich,3,Baltimore Orioles,BAL,American,East,SP,"6' 3""",200 lbs,,,,,,,Active
4470,Yohel,Pozo,Yohel Pozo,3,Baltimore Orioles,BAL,American,East,C,"5' 11""",201 lbs,,,,,,,Active
4838818,Cooper,Pratt,Cooper Pratt,16,Milwaukee Brewers,MIL,National,Central,SS,"6' 4""",210 lbs,,,,,,,Active
4667995,Connor,Prielipp,Connor Prielipp,17,Minnesota Twins,MIN,American,Central,SP,"6' 2""",210 lbs,,,,,,,Active
3143667,Cesar,Prieto,Cesar Prieto,26,St. Louis Cardinals,STL,National,Central,3B,"5' 9""",195 lbs,,,,,,,Active
48,Cal,Quantrill,Cal Quantrill,28,Texas Rangers,TEX,American,West,RP,"6' 3""",195 lbs,,,,,,,Active
452,Ceddanne,Rafaela,Ceddanne Rafaela,4,Boston Red Sox,BOS,American,East,CF,"5' 10""",165 lbs,,,,,,,Active
963,Tanner,Rainey,Tanner Rainey,10,Detroit Tigers,DET,American,Central,RP,"6' 3""",245 lbs,,,,,,,Active
548,Cal,Raleigh,Cal Raleigh,25,Seattle Mariners,SEA,American,West,C,"6' 2""",235 lbs,,,,,,,Active
4662,Brooks,Raley,Brooks Raley,21,Philadelphia Phillies,PHI,National,East,RP,"6' 3""",200 lbs,,,,,,,Active
4933666,Jack,Ralston,Jack Ralston,15,Miami Marlins,MIA,National,East,RP,"6' 6""",231 lbs,,,,,,,Active
454,Agustin,Ramirez,Agustin Ramirez,15,Miami Marlins,MIA,National,East,DH,"6' 1""",210 lbs,,,,,,,Active
965,Jose,Ramirez,Jose Ramirez,8,Cleveland Guardians,CLE,American,Central,3B,"5' 8""",190 lbs,,,,,,,Active
4667549,Pedro,Ramirez,Pedro Ramirez,5,Chicago Cubs,CHC,National,Central,2B,"5' 9""",165 lbs,,,,,,,Active
2007,Yohan,Ramirez,Yohan Ramirez,22,Pittsburgh Pirates,PIT,National,Central,RP,"6' 3""",205 lbs,,,,,,,Active
157,Heliot,Ramos,Heliot Ramos,19,New York Yankees,NYY,American,East,LF,"5' 11""",235 lbs,,,,,,,Active
1005,Drew,Rasmussen,Drew Rasmussen,27,Tampa Bay Rays,TB,American,East,SP,"6' 1""",240 lbs,,,,,,,Active
1892443,John,Rave,John Rave,12,Kansas City Royals,KC,American,Central,RF,"5' 10""",194 lbs,,,,,,,Active
894,Robbie,Ray,Robbie Ray,23,San Diego Padres,SD,National,West,SP,"6' 2""",220 lbs,,,,,,,Active
124,Colin,Rea,Colin Rea,5,Chicago Cubs,CHC,National,Central,SP,"6' 5""",220 lbs,,,,,,,Active
483,J.T.,Realmuto,J.T. Realmuto,21,Philadelphia Phillies,PHI,National,East,C,"6' 0""",212 lbs,,,,,,,Active
3455,Luis,Rengifo,Luis Rengifo,23,San Diego Padres,SD,National,West,LF,"5' 9""",204 lbs,,,,,,,Active
810,Bryan,Reynolds,Bryan Reynolds,22,Pittsburgh Pirates,PIT,National,Central,LF,"6' 2""",210 lbs,,,,,,,Active
968,Orlando,Ribalta,Orlando Ribalta,30,Washington Nationals,WSH,National,East,RP,"6' 7""",245 lbs,,,,,,,Active
4480,Ben,Rice,Ben Rice,19,New York Yankees,NYY,American,East,DH,"6' 2""",228 lbs,,,,,,,Active
3088,Trevor,Richards,Trevor Richards,6,Chicago White Sox,CHW,American,Central,RP,"6' 2""",205 lbs,,,,,,,Active
863,Austin,Riley,Austin Riley,2,Atlanta Braves,ATL,National,East,3B,"6' 1""",225 lbs,,,,,,,Active
4948860,Hancel,Rincon,Hancel Rincon,26,St. Louis Cardinals,STL,National,Central,RP,"6' 2""",160 lbs,,,,,,,Active
1570367,Ryan,Ritter,Ryan Ritter,9,Colorado Rockies,COL,National,West,SS,"6' 1""",209 lbs,,,,,,,Active
844,Luis,Robert Jr.,Luis Robert Jr.,3,Baltimore Orioles,BAL,American,East,CF,"6' 2""",225 lbs,,,,,,,Active
660,Victor,Robles,Victor Robles,25,Seattle Mariners,SEA,American,West,RF,"6' 0""",193 lbs,,,,,,,Active
970,Brayan,Rocchio,Brayan Rocchio,8,Cleveland Guardians,CLE,American,Central,SS,"5' 9""",170 lbs,,,,,,,Active
83,Kumar,Rocker,Kumar Rocker,28,Texas Rangers,TEX,American,West,SP,"6' 5""",245 lbs,,,,,,,Active
4838732,Brock,Rodden,Brock Rodden,25,Seattle Mariners,SEA,American,West,SS,"5' 7""",170 lbs,,,,,,,Active
239713,Alan,Roden,Alan Roden,17,Minnesota Twins,MIN,American,Central,RF,"5' 11""",215 lbs,,,,,,,Active
425,Carlos,Rodon,Carlos Rodon,19,New York Yankees,NYY,American,East,SP,"6' 2""",255 lbs,,,,,,,Active
1441293,Bradgley,Rodriguez,Bradgley Rodriguez,23,San Diego Padres,SD,National,West,RP,"6' 1""",160 lbs,,,,,,,Active
32,Eduardo,Rodriguez,Eduardo Rodriguez,1,Arizona Diamondbacks,ARI,National,West,SP,"6' 2""",231 lbs,,,,,,,Active
4668067,Elmer,Rodriguez,Elmer Rodriguez,19,New York Yankees,NYY,American,East,SP,"6' 4""",177 lbs,,,,,,,Active
738,Grayson,Rodriguez,Grayson Rodriguez,13,Los Angeles Angels,LAA,American,West,SP,"6' 5""",230 lbs,,,,,,,Active
4667140,Hector,Rodriguez,Hector Rodriguez,7,Cincinnati Reds,CIN,National,Central,RF,"5' 10""",200 lbs,,,,,,,Active
677,Julio,Rodriguez,Julio Rodriguez,25,Seattle Mariners,SEA,American,West,CF,"6' 4""",228 lbs,,,,,,,Active
1019,Manuel,Rodriguez,Manuel Rodriguez,27,Tampa Bay Rays,TB,American,East,RP,"5' 11""",205 lbs,,,,,,,Active
211,Jake,Rogers,Jake Rogers,6,Chicago White Sox,CHW,American,Central,C,"5' 11""",201 lbs,,,,,,,Active
902,Taylor,Rogers,Taylor Rogers,17,Minnesota Twins,MIN,American,Central,RP,"6' 3""",190 lbs,,,,,,,Active
743,Trevor,Rogers,Trevor Rogers,3,Baltimore Orioles,BAL,American,East,SP,"6' 5""",230 lbs,,,,,,,Active
912,Tyler,Rogers,Tyler Rogers,29,Toronto Blue Jays,TOR,American,East,RP,"6' 3""",180 lbs,,,,,,,Active
598,Josh,Rojas,Josh Rojas,12,Kansas City Royals,KC,American,Central,3B,"6' 1""",200 lbs,,,,,,,Active
156,Miguel,Rojas,Miguel Rojas,14,Los Angeles Dodgers,LAD,National,West,2B,"5' 10""",188 lbs,,,,,,,Active
1080689,Ryan,Rolison,Ryan Rolison,5,Chicago Cubs,CHC,National,Central,RP,"6' 2""",213 lbs,,,,,,,Active
6207,Drew,Rom,Drew Rom,20,Oakland Athletics,OAK,American,West,RP,"6' 1""",225 lbs,,,,,,,Active
4503,Jordan,Romano,Jordan Romano,9,Colorado Rockies,COL,National,West,RP,"6' 5""",210 lbs,,,,,,,Active
312,JoJo,Romero,JoJo Romero,16,Milwaukee Brewers,MIL,National,Central,RP,"5' 11""",215 lbs,,,,,,,Active
85,Drew,Romo,Drew Romo,6,Chicago White Sox,CHW,American,Central,C,"6' 0""",205 lbs,,,,,,,Active
50,Ben,Rortvedt,Ben Rortvedt,14,Los Angeles Dodgers,LAD,National,West,C,"5' 10""",210 lbs,,,,,,,Active
2623,Amed,Rosario,Amed Rosario,19,New York Yankees,NYY,American,East,3B,"6' 1""",227 lbs,,,,,,,Active
4839492,Ben,Ross,Ben Ross,17,Minnesota Twins,MIN,American,Central,SS,"6' 0""",180 lbs,,,,,,,Active
3719881,Dylan,Ross,Dylan Ross,18,New York Mets,NYM,National,East,RP,"6' 5""",251 lbs,,,,,,,Active
928,Landen,Roupp,Landen Roupp,24,San Francisco Giants,SF,National,West,SP,"6' 2""",220 lbs,,,,,,,Active
4840430,Braxton,Roxby,Braxton Roxby,24,San Francisco Giants,SF,National,West,RP,"6' 3""",231 lbs,,,,,,,Active
324,Chris,Roycroft,Chris Roycroft,20,Oakland Athletics,OAK,American,West,RP,"6' 8""",230 lbs,,,,,,,Active
985,Michael,Rucker,Michael Rucker,25,Seattle Mariners,SEA,American,West,RP,"6' 1""",195 lbs,,,,,,,Active
634,Esteury,Ruiz,Esteury Ruiz,15,Miami Marlins,MIA,National,East,RF,"5' 11""",169 lbs,,,,,,,Active
53,Keibert,Ruiz,Keibert Ruiz,30,Washington Nationals,WSH,National,East,C,"5' 11""",238 lbs,,,,,,,Active
4838767,TJ,Rumfield,TJ Rumfield,9,Colorado Rockies,COL,National,West,1B,"6' 5""",238 lbs,,,,,,,Active
1139596,Dalton,Rushing,Dalton Rushing,14,Los Angeles Dodgers,LAD,National,West,C,"6' 0""",220 lbs,,,,,,,Active
807,Adley,Rutschman,Adley Rutschman,4,Boston Red Sox,BOS,American,East,C,"6' 1""",230 lbs,,,,,,,Active
835,Erik,Sabrowski,Erik Sabrowski,8,Cleveland Guardians,CLE,American,Central,RP,"6' 4""",230 lbs,,,,,,,Active
451,Thomas,Saggese,Thomas Saggese,26,St. Louis Cardinals,STL,National,Central,LF,"5' 10""",185 lbs,,,,,,,Active
4838709,Ethan,Salas,Ethan Salas,23,San Diego Padres,SD,National,West,C,"6' 1""",185 lbs,,,,,,,Active
736,Chris,Sale,Chris Sale,2,Atlanta Braves,ATL,National,East,SP,"6' 6""",180 lbs,,,,,,,Active
3484,Ali,Sanchez,Ali Sanchez,19,New York Yankees,NYY,American,East,C,"6' 0""",200 lbs,,,,,,,Active
40,Cristopher,Sanchez,Cristopher Sanchez,21,Philadelphia Phillies,PHI,National,East,SP,"6' 6""",200 lbs,,,,,,,Active
191,Gary,Sanchez,Gary Sanchez,16,Milwaukee Brewers,MIL,National,Central,C,"6' 2""",251 lbs,,,,,,,Active
601,Jesus,Sanchez,Jesus Sanchez,29,Toronto Blue Jays,TOR,American,East,RF,"6' 3""",222 lbs,,,,,,,Active
2694785,Cam,Sanders,Cam Sanders,3,Baltimore Orioles,BAL,American,East,RP,"6' 2""",215 lbs,,,,,,,Active
5626,Patrick,Sandoval,Patrick Sandoval,4,Boston Red Sox,BOS,American,East,SP,"6' 3""",190 lbs,,,,,,,Active
5705,Reiver,Sanmartin,Reiver Sanmartin,24,San Francisco Giants,SF,National,West,RP,"6' 1""",188 lbs,,,,,,,Active
536,Javier,Sanoja,Javier Sanoja,15,Miami Marlins,MIA,National,East,3B,"5' 7""",150 lbs,,,,,,,Active
635,Dennis,Santana,Dennis Santana,1,Arizona Diamondbacks,ARI,National,West,RP,"6' 2""",202 lbs,,,,,,,Active
695,Tony,Santillan,Tony Santillan,7,Cincinnati Reds,CIN,National,Central,RP,"6' 3""",285 lbs,,,,,,,Active
468,Tayler,Saucedo,Tayler Saucedo,13,Los Angeles Angels,LAA,American,West,RP,"6' 4""",205 lbs,,,,,,,Active
2712,Max,Scherzer,Max Scherzer,29,Toronto Blue Jays,TOR,American,East,SP,"6' 3""",208 lbs,,,,,,,Active
2183925,Cam,Schlittler,Cam Schlittler,19,New York Yankees,NYY,American,East,SP,"6' 6""",215 lbs,,,,,,,Active
983,Daniel,Schneemann,Daniel Schneemann,8,Cleveland Guardians,CLE,American,Central,CF,"6' 0""",185 lbs,,,,,,,Active
61,John,Schreiber,John Schreiber,19,New York Yankees,NYY,American,East,RP,"6' 2""",224 lbs,,,,,,,Active
654,Kyle,Schwarber,Kyle Schwarber,21,Philadelphia Phillies,PHI,National,East,DH,"5' 11""",229 lbs,,,,,,,Active
5764237,Tyler,Schweitzer,Tyler Schweitzer,6,Chicago White Sox,CHW,American,Central,RP,"6' 0""",185 lbs,,,,,,,Active
6911,Christian,Scott,Christian Scott,18,New York Mets,NYM,National,East,SP,"6' 4""",215 lbs,,,,,,,Active
508,Victor,Scott II,Victor Scott II,26,St. Louis Cardinals,STL,National,Central,CF,"5' 10""",190 lbs,,,,,,,Active
2898,Tanner,Scott,Tanner Scott,14,Los Angeles Dodgers,LAD,National,West,RP,"6' 0""",235 lbs,,,,,,,Active
2544,Corey,Seager,Corey Seager,28,Texas Rangers,TEX,American,West,SS,"6' 4""",215 lbs,,,,,,,Active
5960573,Andrew,Sears,Andrew Sears,10,Detroit Tigers,DET,American,Central,SP,"6' 3""",200 lbs,,,,,,,Active
2038913,Anthony,Seigler,Anthony Seigler,4,Boston Red Sox,BOS,American,East,2B,"5' 9""",192 lbs,,,,,,,Active
217,Marcus,Semien,Marcus Semien,18,New York Mets,NYM,National,East,2B,"6' 0""",195 lbs,,,,,,,Active
287,Kodai,Senga,Kodai Senga,18,New York Mets,NYM,National,East,SP,"6' 1""",202 lbs,,,,,,,Active
63,Antonio,Senzatela,Antonio Senzatela,16,Milwaukee Brewers,MIL,National,Central,RP,"6' 1""",235 lbs,,,,,,,Active
3764581,Jared,Serna,Jared Serna,15,Miami Marlins,MIA,National,East,SS,"5' 7""",174 lbs,,,,,,,Active
5049,Brian,Serven,Brian Serven,20,Oakland Athletics,OAK,American,West,C,"6' 0""",207 lbs,,,,,,,Active
2415,Paul,Sewald,Paul Sewald,29,Toronto Blue Jays,TOR,American,East,RP,"6' 3""",219 lbs,,,,,,,Active
1962774,Carson,Seymour,Carson Seymour,24,San Francisco Giants,SF,National,West,RP,"6' 5""",264 lbs,,,,,,,Active
1602862,Ian,Seymour,Ian Seymour,27,Tampa Bay Rays,TB,American,East,SP,"6' 0""",215 lbs,,,,,,,Active
17211,Matt,Shaw,Matt Shaw,5,Chicago Cubs,CHC,National,Central,RF,"5' 10""",185 lbs,,,,,,,Active
725,Gavin,Sheets,Gavin Sheets,23,San Diego Padres,SD,National,West,1B,"6' 3""",235 lbs,,,,,,,Active
358,Chase,Shugart,Chase Shugart,21,Philadelphia Phillies,PHI,National,East,RP,"5' 11""",200 lbs,,,,,,,Active
594,Chase,Silseth,Chase Silseth,28,Texas Rangers,TEX,American,West,RP,"6' 0""",217 lbs,,,,,,,Active
653217,Chandler,Simpson,Chandler Simpson,27,Tampa Bay Rays,TB,American,East,LF,"5' 11""",170 lbs,,,,,,,Active
4933660,Jared,Simpson,Jared Simpson,30,Washington Nationals,WSH,National,East,RP,"6' 4""",205 lbs,,,,,,,Active
4839242,Jack,Sinclair,Jack Sinclair,30,Washington Nationals,WSH,National,East,RP,"6' 4""",170 lbs,,,,,,,Active
67,Brady,Singer,Brady Singer,7,Cincinnati Reds,CIN,National,Central,SP,"6' 5""",215 lbs,,,,,,,Active
202,Jose,Siri,Jose Siri,13,Los Angeles Angels,LAA,American,West,CF,"6' 2""",210 lbs,,,,,,,Active
77,Evan,Sisk,Evan Sisk,22,Pittsburgh Pirates,PIT,National,Central,RP,"6' 2""",214 lbs,,,,,,,Active
647,Paul,Skenes,Paul Skenes,22,Pittsburgh Pirates,PIT,National,Central,SP,"6' 6""",260 lbs,,,,,,,Active
178,Tarik,Skubal,Tarik Skubal,14,Los Angeles Dodgers,LAD,National,West,SP,"6' 3""",240 lbs,,,,,,,Active
841,Cade,Smith,Cade Smith,8,Cleveland Guardians,CLE,American,Central,RP,"6' 5""",230 lbs,,,,,,,Active
239887,Cam,Smith,Cam Smith,11,Houston Astros,HOU,American,West,RF,"6' 3""",224 lbs,,,,,,,Active
2234,Dominic,Smith,Dominic Smith,2,Atlanta Braves,ATL,National,East,DH,"5' 11""",224 lbs,,,,,,,Active
1440575,Dylan,Smith,Dylan Smith,24,San Francisco Giants,SF,National,West,RP,"6' 2""",180 lbs,,,,,,,Active
4838807,Hagen,Smith,Hagen Smith,6,Chicago White Sox,CHW,American,Central,SP,"6' 3""",235 lbs,,,,,,,Active
225,Josh,Smith,Josh Smith,29,Toronto Blue Jays,TOR,American,East,2B,"5' 9""",172 lbs,,,,,,,Active
103,Will,Smith,Will Smith,14,Los Angeles Dodgers,LAD,National,West,C,"5' 10""",195 lbs,,,,,,,Active
754,AJ,Smith-Shawver,AJ Smith-Shawver,2,Atlanta Braves,ATL,National,East,SP,"6' 3""",205 lbs,,,,,,,Active
934,Blake,Snell,Blake Snell,14,Los Angeles Dodgers,LAD,National,West,SP,"6' 4""",225 lbs,,,,,,,Active
455,Nick,Sogard,Nick Sogard,4,Boston Red Sox,BOS,American,East,2B,"6' 1""",189 lbs,,,,,,,Active
3013378,Drew,Sommers,Drew Sommers,10,Detroit Tigers,DET,American,Central,RP,"6' 3""",250 lbs,,,,,,,Active
4668205,Sung-Mun,Song,Sung-Mun Song,23,San Diego Padres,SD,National,West,2B,"6' 0""",194 lbs,,,,,,,Active
384,George,Soriano,George Soriano,26,St. Louis Cardinals,STL,National,Central,RP,"6' 2""",210 lbs,,,,,,,Active
4565,Jose,Soriano,Jose Soriano,29,Toronto Blue Jays,TOR,American,East,SP,"6' 3""",220 lbs,,,,,,,Active
545,Edmundo,Sosa,Edmundo Sosa,21,Philadelphia Phillies,PHI,National,East,LF,"5' 11""",210 lbs,,,,,,,Active
767,Gregory,Soto,Gregory Soto,22,Pittsburgh Pirates,PIT,National,Central,RP,"6' 1""",247 lbs,,,,,,,Active
1106,Juan,Soto,Juan Soto,18,New York Mets,NYM,National,East,LF,"6' 1""",224 lbs,,,,,,,Active
4829,Bennett,Sousa,Bennett Sousa,11,Houston Astros,HOU,American,West,RP,"6' 3""",220 lbs,,,,,,,Active
477,Gabe,Speier,Gabe Speier,25,Seattle Mariners,SEA,American,West,RP,"5' 11""",200 lbs,,,,,,,Active
1043,George,Springer,George Springer,29,Toronto Blue Jays,TOR,American,East,DH,"6' 1""",220 lbs,,,,,,,Active
1025,Jeffrey,Springs,Jeffrey Springs,20,Oakland Athletics,OAK,American,West,SP,"6' 3""",218 lbs,,,,,,,Active
1691,Ryne,Stanek,Ryne Stanek,26,St. Louis Cardinals,STL,National,Central,RP,"6' 4""",226 lbs,,,,,,,Active
715,Michael,Stefanic,Michael Stefanic,20,Oakland Athletics,OAK,American,West,2B,"5' 9""",180 lbs,,,,,,,Active
716,Tyler,Stephenson,Tyler Stephenson,7,Cincinnati Reds,CIN,National,Central,C,"6' 3""",225 lbs,,,,,,,Active
5525,Brock,Stewart,Brock Stewart,14,Los Angeles Dodgers,LAD,National,West,RP,"6' 3""",220 lbs,,,,,,,Active
3196074,Sal,Stewart,Sal Stewart,7,Cincinnati Reds,CIN,National,Central,1B,"6' 1""",224 lbs,,,,,,,Active
5610,Robert,Stock,Robert Stock,18,New York Mets,NYM,National,East,RP,"6' 1""",260 lbs,,,,,,,Active
467,Trevor,Story,Trevor Story,4,Boston Red Sox,BOS,American,East,SS,"6' 1""",209 lbs,,,,,,,Active
557,Bryson,Stott,Bryson Stott,21,Philadelphia Phillies,PHI,National,East,2B,"6' 0""",200 lbs,,,,,,,Active
609,Kyle,Stowers,Kyle Stowers,15,Miami Marlins,MIA,National,East,1B,"6' 2""",215 lbs,,,,,,,Active
2954,Myles,Straw,Myles Straw,29,Toronto Blue Jays,TOR,American,East,CF,"5' 9""",178 lbs,,,,,,,Active
491,Garrett,Stubbs,Garrett Stubbs,21,Philadelphia Phillies,PHI,National,East,C,"5' 9""",170 lbs,,,,,,,Active
776,Albert,Suarez,Albert Suarez,3,Baltimore Orioles,BAL,American,East,RP,"6' 3""",235 lbs,,,,,,,Active
9,Eugenio,Suarez,Eugenio Suarez,7,Cincinnati Reds,CIN,National,Central,DH,"5' 11""",213 lbs,,,,,,,Active
607,Jose,Suarez,Jose Suarez,20,Oakland Athletics,OAK,American,West,RP,"5' 10""",225 lbs,,,,,,,Active
429,Ranger,Suarez,Ranger Suarez,4,Boston Red Sox,BOS,American,East,SP,"6' 1""",217 lbs,,,,,,,Active
222329,Tomoyuki,Sugano,Tomoyuki Sugano,9,Colorado Rockies,COL,National,West,SP,"6' 1""",227 lbs,,,,,,,Active
376,Brett,Sullivan,Brett Sullivan,9,Colorado Rockies,COL,National,West,C,"5' 11""",190 lbs,,,,,,,Active
1051,Cole,Sulser,Cole Sulser,27,Tampa Bay Rays,TB,American,East,RP,"6' 0""",200 lbs,,,,,,,Active
706,Brent,Suter,Brent Suter,2,Atlanta Braves,ATL,National,East,RP,"6' 4""",213 lbs,,,,,,,Active
966,Seiya,Suzuki,Seiya Suzuki,5,Chicago Cubs,CHC,National,Central,RF,"5' 11""",182 lbs,,,,,,,Active
782,Jameson,Taillon,Jameson Taillon,29,Toronto Blue Jays,TOR,American,East,SP,"6' 5""",230 lbs,,,,,,,Active
492,Fernando,Tatis Jr.,Fernando Tatis Jr.,23,San Diego Padres,SD,National,West,RF,"6' 3""",217 lbs,,,,,,,Active
277,Leody,Taveras,Leody Taveras,3,Baltimore Orioles,BAL,American,East,CF,"6' 2""",210 lbs,,,,,,,Active
407585,Tim,Tawa,Tim Tawa,1,Arizona Diamondbacks,ARI,National,West,1B,"5' 11""",205 lbs,,,,,,,Active
1645455,Grant,Taylor,Grant Taylor,6,Chicago White Sox,CHW,American,Central,RP,"6' 3""",230 lbs,,,,,,,Active
610,Samad,Taylor,Samad Taylor,23,San Diego Padres,SD,National,West,LF,"5' 8""",160 lbs,,,,,,,Active
485,Troy,Taylor,Troy Taylor,25,Seattle Mariners,SEA,American,West,RP,"6' 0""",205 lbs,,,,,,,Active
450,Tyrone,Taylor,Tyrone Taylor,5,Chicago Cubs,CHC,National,Central,LF,"6' 0""",218 lbs,,,,,,,Active
1567927,Kyle,Teel,Kyle Teel,6,Chicago White Sox,CHW,American,Central,C,"5' 11""",210 lbs,,,,,,,Active
180,Jose,Tena,Jose Tena,30,Washington Nationals,WSH,National,East,DH,"5' 10""",195 lbs,,,,,,,Active
941,Kai-Wei,Teng,Kai-Wei Teng,11,Houston Astros,HOU,American,West,RP,"6' 4""",241 lbs,,,,,,,Active
787,Bryce,Teodosio,Bryce Teodosio,13,Los Angeles Angels,LAA,American,West,LF,"6' 2""",220 lbs,,,,,,,Active
2116,Caleb,Thielbar,Caleb Thielbar,5,Chicago Cubs,CHC,National,Central,RP,"6' 0""",205 lbs,,,,,,,Active
29,Alek,Thomas,Alek Thomas,14,Los Angeles Dodgers,LAD,National,West,CF,"5' 9""",175 lbs,,,,,,,Active
11696,Connor,Thomas,Connor Thomas,12,Kansas City Royals,KC,American,Central,RP,"6' 0""",200 lbs,,,,,,,Active
1048,Lane,Thomas,Lane Thomas,2,Atlanta Braves,ATL,National,East,LF,"5' 11""",195 lbs,,,,,,,Active
501,Trent,Thornton,Trent Thornton,5,Chicago Cubs,CHC,National,Central,RP,"6' 0""",190 lbs,,,,,,,Active
5056668,Zac,Thornton,Zac Thornton,18,New York Mets,NYM,National,East,SP,"6' 3""",170 lbs,,,,,,,Active
947389,Blade,Tidwell,Blade Tidwell,24,San Francisco Giants,SF,National,West,RP,"6' 3""",244 lbs,,,,,,,Active
4667313,Ricky,Tiedemann,Ricky Tiedemann,29,Toronto Blue Jays,TOR,American,East,RP,"6' 4""",220 lbs,,,,,,,Active
312232,Tyler,Tolbert,Tyler Tolbert,12,Kansas City Royals,KC,American,Central,SS,"5' 10""",185 lbs,,,,,,,Active
3143201,Payton,Tolle,Payton Tolle,4,Boston Red Sox,BOS,American,East,SP,"6' 6""",250 lbs,,,,,,,Active
4933679,Erik,Tolman,Erik Tolman,30,Washington Nationals,WSH,National,East,RP,"6' 2""",193 lbs,,,,,,,Active
868,Justin,Topa,Justin Topa,19,New York Yankees,NYY,American,East,RP,"6' 4""",200 lbs,,,,,,,Active
300,Spencer,Torkelson,Spencer Torkelson,10,Detroit Tigers,DET,American,Central,1B,"6' 1""",220 lbs,,,,,,,Active
329,Luis,Torrens,Luis Torrens,18,New York Mets,NYM,National,East,C,"5' 11""",217 lbs,,,,,,,Active
4667243,Bryan,Torres,Bryan Torres,26,St. Louis Cardinals,STL,National,Central,LF,"5' 7""",165 lbs,,,,,,,Active
1105,Gleyber,Torres,Gleyber Torres,10,Detroit Tigers,DET,American,Central,2B,"5' 10""",205 lbs,,,,,,,Active
153,Ezequiel,Tovar,Ezequiel Tovar,9,Colorado Rockies,COL,National,West,SS,"6' 0""",192 lbs,,,,,,,Active
1534,Taylor,Trammell,Taylor Trammell,11,Houston Astros,HOU,American,West,CF,"6' 1""",220 lbs,,,,,,,Active
1120,Blake,Treinen,Blake Treinen,14,Los Angeles Dodgers,LAD,National,West,RP,"6' 5""",225 lbs,,,,,,,Active
484,Jose,Trevino,Jose Trevino,7,Cincinnati Reds,CIN,National,Central,C,"5' 9""",215 lbs,,,,,,,Active
762,Jared,Triolo,Jared Triolo,22,Pittsburgh Pirates,PIT,National,Central,SS,"6' 3""",212 lbs,,,,,,,Active
3403,Mike,Trout,Mike Trout,13,Los Angeles Angels,LAA,American,West,CF,"6' 1""",235 lbs,,,,,,,Active
4838881,Tommy,Troy,Tommy Troy,1,Arizona Diamondbacks,ARI,National,West,LF,"5' 9""",197 lbs,,,,,,,Active
678,Kyle,Tucker,Kyle Tucker,14,Los Angeles Dodgers,LAD,National,West,RF,"6' 3""",212 lbs,,,,,,,Active
5778265,Yunior,Tur,Yunior Tur,20,Oakland Athletics,OAK,American,West,RP,"6' 6""",208 lbs,,,,,,,Active
266,Brice,Turang,Brice Turang,16,Milwaukee Brewers,MIL,National,Central,2B,"6' 0""",190 lbs,,,,,,,Active
570,Trea,Turner,Trea Turner,21,Philadelphia Phillies,PHI,National,East,SS,"6' 1""",185 lbs,,,,,,,Active
4667847,Walbert,Urena,Walbert Urena,13,Los Angeles Angels,LAA,American,West,SP,"6' 0""",210 lbs,,,,,,,Active
895,Ramon,Urias,Ramon Urias,26,St. Louis Cardinals,STL,National,Central,3B,"5' 9""",185 lbs,,,,,,,Active
135,Abner,Uribe,Abner Uribe,16,Milwaukee Brewers,MIL,National,Central,RP,"6' 3""",205 lbs,,,,,,,Active
1786,Jose,Urquidy,Jose Urquidy,6,Chicago White Sox,CHW,American,Central,RP,"6' 0""",225 lbs,,,,,,,Active
4668175,Esmerlyn,Valdez,Esmerlyn Valdez,22,Pittsburgh Pirates,PIT,National,Central,RF,"6' 2""",234 lbs,,,,,,,Active
481,Framber,Valdez,Framber Valdez,10,Detroit Tigers,DET,American,Central,SP,"5' 11""",230 lbs,,,,,,,Active
4667732,Eduardo,Valencia,Eduardo Valencia,10,Detroit Tigers,DET,American,Central,DH,"6' 1""",180 lbs,,,,,,,Active
4668439,Brandon,Valenzuela,Brandon Valenzuela,29,Toronto Blue Jays,TOR,American,East,C,"6' 0""",225 lbs,,,,,,,Active
509,Carlos,Vargas,Carlos Vargas,25,Seattle Mariners,SEA,American,West,RP,"6' 4""",210 lbs,,,,,,,Active
183,Ildemaro,Vargas,Ildemaro Vargas,1,Arizona Diamondbacks,ARI,National,West,1B,"5' 11""",202 lbs,,,,,,,Active
771,Miguel,Vargas,Miguel Vargas,6,Chicago White Sox,CHW,American,Central,3B,"6' 2""",225 lbs,,,,,,,Active
882,Louis,Varland,Louis Varland,29,Toronto Blue Jays,TOR,American,East,RP,"6' 1""",205 lbs,,,,,,,Active
1521,Daulton,Varsho,Daulton Varsho,11,Houston Astros,HOU,American,West,CF,"5' 8""",207 lbs,,,,,,,Active
351,Randy,Vasquez,Randy Vasquez,23,San Diego Padres,SD,National,West,SP,"6' 0""",165 lbs,,,,,,,Active
775,Andrew,Vaughn,Andrew Vaughn,16,Milwaukee Brewers,MIL,National,Central,1B,"5' 10""",215 lbs,,,,,,,Active
950,Christian,Vazquez,Christian Vazquez,11,Houston Astros,HOU,American,West,C,"5' 8""",205 lbs,,,,,,,Active
898,Luis,Vazquez,Luis Vazquez,3,Baltimore Orioles,BAL,American,East,SS,"6' 0""",165 lbs,,,,,,,Active
11745,Zac,Veen,Zac Veen,9,Colorado Rockies,COL,National,West,LF,"6' 3""",243 lbs,,,,,,,Active
321,Nelson,Velazquez,Nelson Velazquez,11,Houston Astros,HOU,American,West,LF,"5' 11""",190 lbs,,,,,,,Active
69,Alex,Vesia,Alex Vesia,14,Los Angeles Dodgers,LAD,National,West,RP,"6' 1""",209 lbs,,,,,,,Active
382,Mark,Vientos,Mark Vientos,18,New York Mets,NYM,National,East,1B,"6' 3""",185 lbs,,,,,,,Active
364,Ryan,Vilade,Ryan Vilade,27,Tampa Bay Rays,TB,American,East,RF,"6' 1""",226 lbs,,,,,,,Active
12806,Jorbit,Vivas,Jorbit Vivas,30,Washington Nationals,WSH,National,East,3B,"5' 9""",171 lbs,,,,,,,Active
76,Victor,Vodnik,Victor Vodnik,15,Miami Marlins,MIA,National,East,RP,"6' 0""",216 lbs,,,,,,,Active
106,Michael,Wacha,Michael Wacha,12,Kansas City Royals,KC,American,Central,SP,"6' 6""",215 lbs,,,,,,,Active
91,LaMonte,Wade Jr.,LaMonte Wade Jr.,11,Houston Astros,HOU,American,West,LF,"5' 11""",215 lbs,,,,,,,Active
730,Eric,Wagaman,Eric Wagaman,18,New York Mets,NYM,National,East,1B,"6' 4""",210 lbs,,,,,,,Active
5752,Jacob,Waguespack,Jacob Waguespack,10,Detroit Tigers,DET,American,Central,RP,"6' 6""",228 lbs,,,,,,,Active
366,Matt,Waldron,Matt Waldron,30,Washington Nationals,WSH,National,East,RP,"6' 2""",185 lbs,,,,,,,Active
4838899,Ryan,Waldschmidt,Ryan Waldschmidt,1,Arizona Diamondbacks,ARI,National,West,CF,"6' 0""",205 lbs,,,,,,,Active
1929,Christian,Walker,Christian Walker,11,Houston Astros,HOU,American,West,1B,"5' 11""",208 lbs,,,,,,,Active
539,Jordan,Walker,Jordan Walker,26,St. Louis Cardinals,STL,National,Central,RF,"6' 6""",250 lbs,,,,,,,Active
4786,Josh,Walker,Josh Walker,3,Baltimore Orioles,BAL,American,East,RP,"6' 6""",225 lbs,,,,,,,Active
946,Ryan,Walker,Ryan Walker,24,San Francisco Giants,SF,National,West,RP,"6' 2""",215 lbs,,,,,,,Active
161,Taylor,Walls,Taylor Walls,27,Tampa Bay Rays,TB,American,East,SS,"5' 9""",185 lbs,,,,,,,Active
14,Blake,Walston,Blake Walston,1,Arizona Diamondbacks,ARI,National,West,SP,"6' 5""",205 lbs,,,,,,,Active
4202,Donovan,Walton,Donovan Walton,20,Oakland Athletics,OAK,American,West,2B,"5' 9""",190 lbs,,,,,,,Active
803,Taylor,Ward,Taylor Ward,25,Seattle Mariners,SEA,American,West,DH,"6' 0""",205 lbs,,,,,,,Active
6274,Will,Warren,Will Warren,19,New York Yankees,NYY,American,East,SP,"6' 2""",200 lbs,,,,,,,Active
337,Drew,Waters,Drew Waters,12,Kansas City Royals,KC,American,Central,LF,"6' 1""",185 lbs,,,,,,,Active
4667501,Ryan,Watson,Ryan Watson,13,Los Angeles Angels,LAA,American,West,RP,"6' 5""",225 lbs,,,,,,,Active
469,Luke,Weaver,Luke Weaver,22,Pittsburgh Pirates,PIT,National,Central,RP,"6' 2""",180 lbs,,,,,,,Active
785,Jacob,Webb,Jacob Webb,5,Chicago Cubs,CHC,National,Central,RP,"6' 2""",210 lbs,,,,,,,Active
971,Logan,Webb,Logan Webb,24,San Francisco Giants,SF,National,West,SP,"6' 2""",221 lbs,,,,,,,Active
4839525,Blake,Weiman,Blake Weiman,13,Los Angeles Angels,LAA,American,West,RP,"6' 3""",225 lbs,,,,,,,Active
377,Greg,Weissert,Greg Weissert,4,Boston Red Sox,BOS,American,East,RP,"6' 2""",235 lbs,,,,,,,Active
506,Austin,Wells,Austin Wells,19,New York Yankees,NYY,American,East,C,"6' 1""",220 lbs,,,,,,,Active
3505,Tyler,Wells,Tyler Wells,27,Tampa Bay Rays,TB,American,East,RP,"6' 8""",270 lbs,,,,,,,Active
792,Hayden,Wesneski,Hayden Wesneski,11,Houston Astros,HOU,American,West,SP,"6' 3""",210 lbs,,,,,,,Active
4839153,JJ,Wetherholt,JJ Wetherholt,26,St. Louis Cardinals,STL,National,Central,2B,"5' 9""",190 lbs,,,,,,,Active
473,Zack,Wheeler,Zack Wheeler,21,Philadelphia Phillies,PHI,National,East,SP,"6' 4""",195 lbs,,,,,,,Active
586,Shay,Whitcomb,Shay Whitcomb,24,San Francisco Giants,SF,National,West,3B,"6' 0""",202 lbs,,,,,,,Active
917,Eli,White,Eli White,4,Boston Red Sox,BOS,American,East,RF,"6' 2""",195 lbs,,,,,,,Active
4839219,Tommy,White,Tommy White,20,Oakland Athletics,OAK,American,West,3B,"6' 0""",220 lbs,,,,,,,Active
4674,Garrett,Whitlock,Garrett Whitlock,4,Boston Red Sox,BOS,American,East,RP,"6' 5""",222 lbs,,,,,,,Active
5942532,Matt,Wilkinson,Matt Wilkinson,24,San Francisco Giants,SF,National,West,SP,"6' 1""",250 lbs,,,,,,,Active
766,Alika,Williams,Alika Williams,20,Oakland Athletics,OAK,American,West,SS,"6' 1""",183 lbs,,,,,,,Active
879,Gavin,Williams,Gavin Williams,8,Cleveland Guardians,CLE,American,Central,SP,"6' 6""",250 lbs,,,,,,,Active
5596,Trevor,Williams,Trevor Williams,28,Texas Rangers,TEX,American,West,RP,"6' 3""",231 lbs,,,,,,,Active
2709,Brandon,Williamson,Brandon Williamson,7,Cincinnati Reds,CIN,National,Central,SP,"6' 6""",210 lbs,,,,,,,Active
154,Bryse,Wilson,Bryse Wilson,16,Milwaukee Brewers,MIL,National,Central,RP,"6' 2""",255 lbs,,,,,,,Active
638,Weston,Wilson,Weston Wilson,25,Seattle Mariners,SEA,American,West,3B,"6' 3""",215 lbs,,,,,,,Active
7603,Cole,Winn,Cole Winn,28,Texas Rangers,TEX,American,West,RP,"6' 2""",190 lbs,,,,,,,Active
4668082,Cade,Winquest,Cade Winquest,26,St. Louis Cardinals,STL,National,Central,RP,"6' 1""",217 lbs,,,,,,,Active
904,Patrick,Wisdom,Patrick Wisdom,25,Seattle Mariners,SEA,American,West,3B,"6' 2""",220 lbs,,,,,,,Active
245,Bobby,Witt Jr.,Bobby Witt Jr.,12,Kansas City Royals,KC,American,Central,SS,"6' 1""",200 lbs,,,,,,,Active
11590,Jackson,Wolf,Jackson Wolf,10,Detroit Tigers,DET,American,Central,SP,"6' 7""",205 lbs,,,,,,,Active
425499,Grant,Wolfram,Grant Wolfram,3,Baltimore Orioles,BAL,American,East,RP,"6' 7""",250 lbs,,,,,,,Active
391,Connor,Wong,Connor Wong,4,Boston Red Sox,BOS,American,East,C,"5' 10""",190 lbs,,,,,,,Active
529,Bryan,Woo,Bryan Woo,25,Seattle Mariners,SEA,American,West,SP,"6' 2""",205 lbs,,,,,,,Active
237,James,Wood,James Wood,30,Washington Nationals,WSH,National,East,RF,"6' 6""",234 lbs,,,,,,,Active
911,Simeon,Woods Richardson,Simeon Woods Richardson,29,Toronto Blue Jays,TOR,American,East,SP,"6' 3""",210 lbs,,,,,,,Active
5668,Justin,Wrobleski,Justin Wrobleski,14,Los Angeles Dodgers,LAD,National,West,SP,"6' 1""",194 lbs,,,,,,,Active
79,Yoshinobu,Yamamoto,Yoshinobu Yamamoto,14,Los Angeles Dodgers,LAD,National,West,SP,"5' 10""",176 lbs,,,,,,,Active
4838731,Jefry,Yan,Jefry Yan,18,New York Mets,NYM,National,East,RP,"6' 3""",185 lbs,,,,,,,Active
3556,Ryan,Yarbrough,Ryan Yarbrough,19,New York Yankees,NYY,American,East,RP,"6' 5""",205 lbs,,,,,,,Active
167,Mike,Yastrzemski,Mike Yastrzemski,2,Atlanta Braves,ATL,National,East,LF,"5' 10""",180 lbs,,,,,,,Active
2636,Kirby,Yates,Kirby Yates,22,Pittsburgh Pirates,PIT,National,Central,RP,"5' 10""",205 lbs,,,,,,,Active
1956,Christian,Yelich,Christian Yelich,16,Milwaukee Brewers,MIL,National,Central,DH,"6' 4""",220 lbs,,,,,,,Active
710707,Craig,Yoho,Craig Yoho,8,Cleveland Guardians,CLE,American,Central,RP,"6' 2""",237 lbs,,,,,,,Active
780,Nick,Yorke,Nick Yorke,22,Pittsburgh Pirates,PIT,National,Central,3B,"5' 11""",220 lbs,,,,,,,Active
668262,Brandon,Young,Brandon Young,3,Baltimore Orioles,BAL,American,East,SP,"6' 6""",230 lbs,,,,,,,Active
1456169,Cole,Young,Cole Young,25,Seattle Mariners,SEA,American,West,2B,"5' 10""",180 lbs,,,,,,,Active
253,Jacob,Young,Jacob Young,30,Washington Nationals,WSH,National,East,CF,"5' 11""",192 lbs,,,,,,,Active
6568,Jared,Young,Jared Young,18,New York Mets,NYM,National,East,1B,"6' 2""",200 lbs,,,,,,,Active
613,Ryan,Zeferjahn,Ryan Zeferjahn,5,Chicago Cubs,CHC,National,Central,RP,"6' 5""",209 lbs,,,,,,,Active
315,Tyler,Zuber,Tyler Zuber,15,Miami Marlins,MIA,National,East,RP,"5' 11""",195 lbs,,,,,,,Active